course_code,module_code,module_name,content_code,content_name,framework_languages,content_url,content_do_id
FMPS_C001,FMPS_C001_1,التواصل المهني,FMPS_C001_V01,التواصل المهني,"arabic;english,french",https://drive.google.com/file/d/1YxYbGL0octT3sHg3AhgHw_W6u6j536I1/view?usp=drive_link,do_2143189655951523841318
FMPS_C001,FMPS_C001_1,التواصل المهني,FMPS_C001_QV01,الاختبار التواصل المهني,"arabic;english,french",https://docs.google.com/spreadsheets/d/1HuLjvQ0euFJJJyqkL1B7rDTF6DV7kQVLhEwIOOnIwFU/edit?usp=drive_link,
FMPS_C001,FMPS_C001_2,التواصل المهني الفعال,FMPS_C001_V02,التواصل المهني الفعال,"arabic;english,french",https://drive.google.com/file/d/1xNxLyUsCV4d3Sg9yisJBj6U35T_B-90N/view?usp=drive_link,do_2143189656696913921319
FMPS_C001,FMPS_C001_2,التواصل المهني الفعال,FMPS_C001_QV02,الاختبار التواصل المهني الفعال,"arabic;english,french",https://docs.google.com/spreadsheets/d/1NGBU9uQMiPXzE3-X5mBmS7kvkgZmFj_otl3pq-PF658/edit?usp=drive_link,
FMPS_C001,FMPS_C001_3,التعرف على مهارات التواصل المهني,FMPS_C001_V03,التعرف على مهارات التواصل المهني,"arabic;english,french",https://drive.google.com/file/d/1Vvem-xoB9SpYlAevSYogOEEN0gwzFk4Y/view?usp=drive_link,do_2143189657587712001320
FMPS_C001,FMPS_C001_3,التعرف على مهارات التواصل المهني,FMPS_C001_QV03,الاختبار التعرف على مهارات التواصل المهني,"arabic;english,french",https://docs.google.com/spreadsheets/d/1rih9D8kvjqY6IodrW7B4WAB7bXjn_QLSUzLyWW4p48E/edit?usp=drive_link,
FMPS_C001,FMPS_C001_4,تحديد اشكال التواصل المهني,FMPS_C001_V04,تحديد اشكال التواصل المهني,"arabic;english,french",https://drive.google.com/file/d/1Duipsygc2DvZOCC7UGKhFlV6lMK3RDoe/view?usp=drive_link,do_2143189658755153921321
FMPS_C001,FMPS_C001_4,تحديد اشكال التواصل المهني,FMPS_C001_QV04,الاختبار تحديد اشكال التواصل المهني,"arabic;english,french",https://docs.google.com/spreadsheets/d/19wklkSH7KivCbo-0Qw8rWXkkvbG4jHFAPMRbsfVvWqw/edit?usp=drive_link,
FMPS_C001,FMPS_C001_G1,,FMPS_C001_QG1,التواصل المهني الاختبار النهائي ,"arabic;english,french",https://docs.google.com/spreadsheets/d/1_WCiBOZ7D6dtTdFIjgCeyrTtaBYLOMRYzq_HkR76dCw/edit?usp=drive_link,
FMPS_C002,FMPS_C002_1,تقديم وتعريف,FMPS_C002_V01,تقديم وتعريف,"arabic;english,french",https://drive.google.com/file/d/1NKLpkz_8C31woukFwvfoAEynIvw1epdc/view?usp=drive_link,do_2143189659516190721322
FMPS_C002,FMPS_C002_1,تقديم وتعريف,FMPS_C002_QV01,الاختبار تقديم وتعريف,"arabic;english,french","https://docs.google.com/spreadsheets/d/1_v8VwwcGBU8Qf_eUl_dV7kz079YdtRGI-VlFSLmpARc/edit?usp=drive_link, ",
FMPS_C002,FMPS_C002_2,مبادئ التواصل الغير العنيف,FMPS_C002_V02,مبادئ التواصل الغير العنيف,"arabic;english,french",https://drive.google.com/file/d/11DG1dg7Uzx549hKnhWiX7BcoUeG_vxp1/view?usp=drive_link,do_2143189660252651521323
FMPS_C002,FMPS_C002_2,مبادئ التواصل الغير العنيف,FMPS_C002_QV02,الاختبار مبادئ التواصل الغير العنيف,"arabic;english,french",https://docs.google.com/spreadsheets/d/11lhkyUVs-cbb7ilBnnUyhT-17GgfjJ-PtOJtvLd2ZdM/edit?usp=drive_link,
FMPS_C002,FMPS_C002_3,علاقة الذكاء العاطفي بالتواصل الغير العنيف,FMPS_C002_V03,علاقة الذكاء العاطفي بالتواصل الغير العنيف,"arabic;english,french",https://drive.google.com/file/d/1172iIZWOfgWb7t90Y0K8zNFo_e7Mfngj/view?usp=drive_link,do_2143189661008773121324
FMPS_C002,FMPS_C002_3,علاقة الذكاء العاطفي بالتواصل الغير العنيف,FMPS_C002_QV03,الاختبار علاقة الذكاء العاطفي بالتواصل الغير العنيف,"arabic;english,french",https://docs.google.com/spreadsheets/d/13yeEnZInM5WSYTYJFX65SKMzOnxRugWDAzbNtpSTnD8/edit?usp=drive_link,
FMPS_C002,FMPS_C002_4,كيف ينمي المربي مهارات التواصل غير العنيف عند الاطفال,FMPS_C002_V04,كيف ينمي المربي مهارات التواصل غير العنيف عند الاطفال,"arabic;english,french",https://drive.google.com/file/d/1WuaaUNT3y4q-sLVgxFoUpzlkqR56h4IQ/view?usp=drive_link,do_2143189661721804801325
FMPS_C002,FMPS_C002_4,كيف ينمي المربي مهارات التواصل غير العنيف عند الاطفال,FMPS_C002_QV04,الاختبار كيف ينمي المربي مهارات التواصل غير العنيف عند الاطفال,"arabic;english,french",https://docs.google.com/spreadsheets/d/1_v8VwwcGBU8Qf_eUl_dV7kz079YdtRGI-VlFSLmpARc/edit?usp=drive_link,
FMPS_C002,FMPS_C002_G2,,FMPS_C002_QG2,التواصل الغير العنيف الاختبار النهائي,"arabic;english,french",https://docs.google.com/spreadsheets/d/1BX5Or2H2U4yJOM8bsdL1DbIEu6uFdaPEz0yXVD9OPjM/edit?usp=drive,
FMPS_C003,FMPS_C003_1,تعريف التربية الوالدية,FMPS_C003_V01,تعريف التربية الوالدية,"arabic;english,french",https://drive.google.com/file/d/19zxNklX2pIjN74ppUWk-GUr4dN9ZzH_G/view?usp=drive_link,do_2143189662318673921326
FMPS_C003,FMPS_C003_1,تعريف التربية الوالدية,FMPS_C003_QV01,الاختبار تعريف التربية الوالدية,"arabic;english,french",https://docs.google.com/spreadsheets/d/1n8cpOtbkI8VIw5Kmz2iPMGVqnVJ3en7QnX8N1fsWvnU/edit?usp=drive,
FMPS_C003,FMPS_C003_2,أهمية وأهداف التربية الوالدية,FMPS_C003_V02,أهمية وأهداف التربية الوالدية,"arabic;english,french",https://drive.google.com/file/d/1YptohzrIdIDrrLfHip03Y00SyqdhXjm6/view?usp=drive_link,do_2143189662951424001327
FMPS_C003,FMPS_C003_2,أهمية وأهداف التربية الوالدية,FMPS_C003_QV02,الاختبار أهمية وأهداف التربية الوالدية,"arabic;english,french",https://docs.google.com/spreadsheets/d/1-oJemlGOj_S5td_v9Jh9QK6nKNk4HWPklqt6mMUjVCM/edit?usp=drive_link,
FMPS_C003,FMPS_C003_3,I أساليب نجاح التربية الوالدية,FMPS_C003_V03,I أساليب نجاح التربية الوالدية,"arabic;english,french",https://drive.google.com/file/d/1jL4QN0aU9SWtSjfMBFf8fc5MOgRHY9oK/view?usp=drive_link,do_2143189663851315201328
FMPS_C003,FMPS_C003_3,I أساليب نجاح التربية الوالدية,FMPS_C003_QV03,الاختبار I أساليب نجاح التربية الوالدية,"arabic;english,french",https://docs.google.com/spreadsheets/d/1sGnWUwmCLeuwHntwzLf09Ot3MktbgVgmqP--8greVI8/edit?usp=drive_link,
FMPS_C003,FMPS_C003_4,II أساليب نجاح التربية الوالدية,FMPS_C003_V04,II أساليب نجاح التربية الوالدية,"arabic;english,french",https://drive.google.com/file/d/1j26FuKFZ_D4sK7utMiBuznYMW-YIDzaS/view?usp=drive_link,do_2143189664528957441329
FMPS_C003,FMPS_C003_4,II أساليب نجاح التربية الوالدية,FMPS_C003_QV04,الاختبار II أساليب نجاح التربية الوالدية,"arabic;english,french",https://docs.google.com/spreadsheets/d/15TmvNquX2La5qiaKUqYPpA83IYhvEykdC1yEmIoqJU4/edit?usp=drive_link,
FMPS_C003,FMPS_C003_5,مشاركة الآباء وأولياء الأمور في العملية التعليمية التعلمية,FMPS_C003_V05,مشاركة الآباء وأولياء الأمور في العملية التعليمية التعلمية,"arabic;english,french",https://drive.google.com/file/d/16-v8dAKBNWl0a18nYnB6R3U-Qb9ntxN3/view?usp=drive_link,do_2143189665225850881330
FMPS_C003,FMPS_C003_5,مشاركة الآباء وأولياء الأمور في العملية التعليمية التعلمية,FMPS_C003_QV05,الاختبار مشاركة الآباء وأولياء الأمور في العملية التعليمية التعلمية,"arabic;english,french",https://docs.google.com/spreadsheets/d/1ibJfUd5ejdjfVV83eBxla5mx_3OIAPnCUdxHn_T_xt0/edit?usp=drive_link,
FMPS_C003,FMPS_C003_6,فوائد مشاركة الآباء وأولياء الأمور في العملية التعليمية التعلمية,FMPS_C003_V06,فوائد مشاركة الآباء وأولياء الأمور في العملية التعليمية التعلمية,"arabic;english,french",https://drive.google.com/file/d/1Wr6zokc_wRx4gyXYOgKJk2oQkJH6UEbt/view?usp=drive_link,do_2143189665927413761331
FMPS_C003,FMPS_C003_6,فوائد مشاركة الآباء وأولياء الأمور في العملية التعليمية التعلمية,FMPS_C003_QV06,الاختبار فوائد مشاركة الآباء وأولياء الأمور في العملية التعليمية التعلمية,"arabic;english,french",https://docs.google.com/spreadsheets/d/1dL28hvfHeCiAI8urYSXAAW9Ym5T8czuUQnKWYF0cpYo/edit?usp=drive_link,
FMPS_C003,FMPS_C003_G3,,FMPS_C003_QG3,التربية الوالدية الاختبار النهائي,"arabic;english,french",https://docs.google.com/spreadsheets/d/1_YIBvGtbUmPlb3pG-k2bA_SYzj98Y0r5NjSYpuYYBBU/edit?usp=drive_link,
FMPS_C004,FMPS_C004_1,تعريف نظريات التعلم واهميتها,FMPS_C004_V01,تعريف نظريات التعلم واهميتها,"arabic;english,french",https://drive.google.com/file/d/1gIVQdvWiGZqMxyt6WskIegLlgIlMLd5K/view?usp=drive_link,do_2143189666845491201332
FMPS_C004,FMPS_C004_1,تعريف نظريات التعلم واهميتها,FMPS_C004_QV01,الاختبار تعريف نظريات التعلم واهميتها,"arabic;english,french",https://docs.google.com/spreadsheets/d/1m5Gb3KMbXeH-IVakKh8xcTEeJX-Qxz5tLm1u_B0nhIc/edit?usp=drive_link,
FMPS_C004,FMPS_C004_2,النظرية السلوكية,FMPS_C004_V02,النظرية السلوكية,"arabic;english,french",https://drive.google.com/file/d/1ChYINd0_NKthFBDpuTdJIjcFg7DrN7ry/view?usp=drive_link,do_2143189667412623361333
FMPS_C004,FMPS_C004_2,النظرية السلوكية,FMPS_C004_QV02,الاختبار النظرية السلوكية,"arabic;english,french",https://docs.google.com/spreadsheets/d/1JIYF7hUBrrWHfujlEEHbzzGlOWayHTvGwy1YUNvXdc0/edit?usp=drive_link,
FMPS_C004,FMPS_C004_3,التطبيق البيداغوجي للنظرية السلوكية,FMPS_C004_V03,التطبيق البيداغوجي للنظرية السلوكية,"arabic;english,french",https://drive.google.com/file/d/11McgijhN26uvW4hc4ihI8BrSIUZu0q8R/view?usp=drive_link,do_2143189668311203841334
FMPS_C004,FMPS_C004_3,التطبيق البيداغوجي للنظرية السلوكية,FMPS_C004_QV03,الاختبار التطبيق البيداغوجي للنظرية السلوكية,"arabic;english,french",https://docs.google.com/spreadsheets/d/1gAlIXuMNULvgLJErGc2jfwrvMma0iB-tUJfmhY0b-38/edit?usp=drive_link,
FMPS_C004,FMPS_C004_4,النظرية البنائية,FMPS_C004_V04,النظرية البنائية,"arabic;english,french",https://drive.google.com/file/d/12gjq3FV0FKvpsUm6ul4J2Slqlw6qgFSr/view?usp=drive_link,do_2143189668959436801335
FMPS_C004,FMPS_C004_4,النظرية البنائية,FMPS_C004_QV04,الاختبار النظرية البنائية,"arabic;english,french",https://docs.google.com/spreadsheets/d/1TfkjYKjrBYhzwmhRa_lF87bw4JXGianOkiTQOiktyGU/edit?usp=drive_link,
FMPS_C004,FMPS_C004_5,التطبيق البيداغوجي للنظرية البنائية,FMPS_C004_V05,التطبيق البيداغوجي للنظرية البنائية,"arabic;english,french",https://drive.google.com/file/d/1eeUkSEE4HNIVJFAsXVqvSCqSJ58_R03G/view?usp=drive_link,do_2143189669691555841336
FMPS_C004,FMPS_C004_5,التطبيق البيداغوجي للنظرية البنائية,FMPS_C004_QV05,الاختبار التطبيق البيداغوجي للنظرية البنائية,"arabic;english,french",https://docs.google.com/spreadsheets/d/1k8suinmTiC4oyB5NlKkKoVgf3oMJPb-mq43J9fIXt-g/edit?usp=drive_link,
FMPS_C004,FMPS_C004_6,النظرية الجشطالتية,FMPS_C004_V06,النظرية الجشطالتية,"arabic;english,french",https://drive.google.com/file/d/1Fh-ZGbavixJH7GEgaq1jFrb2MRpOmeds/view?usp=drive_link,do_2143189670262702081337
FMPS_C004,FMPS_C004_6,النظرية الجشطالتية,FMPS_C004_QV06,الاختبار النظرية الجشطالتية,"arabic;english,french",https://docs.google.com/spreadsheets/d/16Cgi4qj2a3SDb2BJ7-0H461ahP6hezJbUVorDEoSJ9M/edit?usp=drive_link,
FMPS_C004,FMPS_C004_7,التطبيق البيداغوجي للنظرية الجشطلتية,FMPS_C004_V07,التطبيق البيداغوجي للنظرية الجشطلتية,"arabic;english,french",https://drive.google.com/file/d/1OxVboD8ZVf9JKKXgmu7UmFxAVZWp-EDM/view?usp=drive_link,do_2143189671028162561338
FMPS_C004,FMPS_C004_7,التطبيق البيداغوجي للنظرية الجشطلتية,FMPS_C004_QV07,الاختبار التطبيق البيداغوجي للنظرية الجشطلتية,"arabic;english,french","https://docs.google.com/spreadsheets/d/1TfkjYKjrBYhzwmhRa_lF87bw4JXGianOkiTQOiktyGU/edit?usp=sharing,",
FMPS_C004,FMPS_C004_8,النظرية السوسيوبنائية,FMPS_C004_V08,النظرية السوسيوبنائية,"arabic;english,french",https://drive.google.com/file/d/10GovfavLWGkpe6ES_uOn8G0XvSfs7fUC/view?usp=drive_link,do_2143189671772733441339
FMPS_C004,FMPS_C004_8,النظرية السوسيوبنائية,FMPS_C004_QV08,الاختبار النظرية السوسيوبنائية,"arabic;english,french",https://docs.google.com/spreadsheets/d/12Fn90KkUItXTLF0sBFeZAzy5cSdOCsGeQhLIDowtOQQ/edit?usp=drive_link,
FMPS_C004,FMPS_C004_9,كيفية التطبيق البيداغوجي للنظرية السوسيوبنائية,FMPS_C004_V09,كيفية التطبيق البيداغوجي للنظرية السوسيوبنائية,"arabic;english,french",https://drive.google.com/file/d/1GTsONIxoJVPFJ99zUeSrqTN2aKK57kAE/view?usp=drive_link,do_2143189672460042241340
FMPS_C004,FMPS_C004_9,كيفية التطبيق البيداغوجي للنظرية السوسيوبنائية,FMPS_C004_QV09,الاختبار كيفية التطبيق البيداغوجي للنظرية السوسيوبنائية,"arabic;english,french","https://docs.google.com/spreadsheets/d/1k8suinmTiC4oyB5NlKkKoVgf3oMJPb-mq43J9fIXt-g/edit?usp=sharing,",
FMPS_C004,FMPS_C004_V10,النظرية المعرفية,FMPS_C004_V10,النظرية المعرفية,"arabic;english,french",https://drive.google.com/file/d/1vekWao-XjO7XIE3fEk0fYoUcfhj5BVLh/view?usp=drive_link,do_2143189673124986881341
FMPS_C004,FMPS_C004_V10,النظرية المعرفية,FMPS_C004_QV10,الاختبار النظرية المعرفية,"arabic;english,french"," https://docs.google.com/spreadsheets/d/1m5Gb3KMbXeH-IVakKh8xcTEeJX-Qxz5tLm1u_B0nhIc/edit?usp=sharing,",
FMPS_C004,FMPS_C004_V11,مبادئ واسس النظرية المعرفية,FMPS_C004_V11,مبادئ واسس النظرية المعرفية,"arabic;english,french",https://drive.google.com/file/d/1FnOtBl8keE9128uHvljKpqbtzWnQfPWF/view?usp=drive_link,do_2143189673793536001342
FMPS_C004,FMPS_C004_V11,مبادئ واسس النظرية المعرفية,FMPS_C004_QV11,الاختبار مبادئ واسس النظرية المعرفية,"arabic;english,french",https://docs.google.com/spreadsheets/d/1scAnip5SYpxIqrnAoq1bBlV7KqlosuqSVjTeRVzb7a4/edit?usp=drive_link,
FMPS_C004,FMPS_C004_V12,خلاصة لنظريات التعلم,FMPS_C004_V12,خلاصة لنظريات التعلم,"arabic;english,french",https://drive.google.com/file/d/1v1ZU4hjg6MAT4PUdU97qqcCVBkB_6aO_/view?usp=drive_link,do_2143189674463559681343
FMPS_C004,FMPS_C004_V12,خلاصة لنظريات التعلم,FMPS_C004_QV12,الاختبار خلاصة لنظريات التعلم,"arabic;english,french",https://docs.google.com/spreadsheets/d/14PeaO9V5fGMBCc8Re20K9yYsX4vbkZsEgBlkQ2U1PPM/edit?usp=drive_link,
FMPS_C004,FMPS_C004_G4,,FMPS_C004_QG4,نظريات التعلم الاختبار النهائي,"arabic;english,french",https://docs.google.com/spreadsheets/d/1h7AwI9ZA_Qv7op4WeYs54mRZTXADoFiIJrMLGF3bDfI/edit?usp=drive_link,
FMPS_C005,FMPS_C005_1,مقدمة,FMPS_C005_V01,مقدمة,"arabic;english,french",https://drive.google.com/file/d/1DntvAiNZODiXY-OCmxm119tTAB3f3XsT/view?usp=drive_link,do_2143189675031347201344
FMPS_C005,FMPS_C005_1,مقدمة,FMPS_C005_QV01,الاختبار مقدمة,"arabic;english,french",,
FMPS_C005,FMPS_C005_2,سلوك الكدب عند الطفل,FMPS_C005_V02,سلوك الكدب عند الطفل,"arabic;english,french",https://drive.google.com/file/d/1axK7sG1gm68BEcwM3NWa7uugnsB5O8pM/view?usp=drive_link,do_2143189677697024001345
FMPS_C005,FMPS_C005_2,سلوك الكدب عند الطفل,FMPS_C005_QV02,الاختبار سلوك الكدب عند الطفل,"arabic;english,french",,
FMPS_C005,FMPS_C005_3,سلوك العناد عند الطفل,FMPS_C005_V03,سلوك العناد عند الطفل,"arabic;english,french",https://drive.google.com/file/d/1NC0h6-4bqPHQWIpb6sNtB7TH20yQsVo3/view?usp=drive_link,do_2143189680938352641346
FMPS_C005,FMPS_C005_3,سلوك العناد عند الطفل,FMPS_C005_QV03,الاختبار سلوك العناد عند الطفل,"arabic;english,french",,
FMPS_C005,FMPS_C005_4,سلوك العدوانية عند الطفل,FMPS_C005_V04,سلوك العدوانية عند الطفل,"arabic;english,french",https://drive.google.com/file/d/1SY0YGbG2HXYjwu5DYx98XW8DfV_5k1MV/view?usp=drive_link,do_2143189683215728641347
FMPS_C005,FMPS_C005_4,سلوك العدوانية عند الطفل,FMPS_C005_QV04,الاختبار سلوك العدوانية عند الطفل,"arabic;english,french",,
FMPS_C005,FMPS_C005_5,سلوك الألفاظ النابية عند الأطفال,FMPS_C005_V05,سلوك الألفاظ النابية عند الأطفال,"arabic;english,french",https://drive.google.com/file/d/1X1WOjS5NmXH7q7MtQqBsjkJ04n3seWBC/view?usp=drive_link,do_2143189688789073921348
FMPS_C005,FMPS_C005_5,سلوك الألفاظ النابية عند الأطفال,FMPS_C005_QV05,الاختبار سلوك الألفاظ النابية عند الأطفال,"arabic;english,french",,
FMPS_C005,FMPS_C005_6,سلوك السرقة عند الطفل,FMPS_C005_V06,سلوك السرقة عند الطفل,"arabic;english,french",https://drive.google.com/file/d/1AesStgOPtwu5_zyyAQ0L7noi_WVjZiYJ/view?usp=drive_link,do_2143189691167211521349
FMPS_C005,FMPS_C005_6,سلوك السرقة عند الطفل,FMPS_C005_QV06,الاختبار سلوك السرقة عند الطفل,"arabic;english,french",,
FMPS_C005,FMPS_C005_7,سلوك الخجل عند الطفل,FMPS_C005_V07,سلوك الخجل عند الطفل,"arabic;english,french",https://drive.google.com/file/d/1LkiRHYqu-x2g-VRSCKR2SI9_E0wqj4MO/view?usp=drive_link,do_2143189695148195841350
FMPS_C005,FMPS_C005_7,سلوك الخجل عند الطفل,FMPS_C005_QV07,الاختبار سلوك الخجل عند الطفل,"arabic;english,french",,
FMPS_C005,FMPS_C005_8,سلوك العصبية عند الطفل,FMPS_C005_V08,سلوك العصبية عند الطفل,"arabic;english,french",https://drive.google.com/file/d/1YpTD69_hLNE7CSjkayYDxKjqfbb9eeYG/view?usp=drive_link,do_2143189700924784641351
FMPS_C005,FMPS_C005_8,سلوك العصبية عند الطفل,FMPS_C005_QV08,الاختبار سلوك العصبية عند الطفل,"arabic;english,french",,
FMPS_C005,FMPS_C005_9,سلوك القلق و الخوف عند الطفل,FMPS_C005_V09,سلوك القلق و الخوف عند الطفل,"arabic;english,french",https://drive.google.com/file/d/17WXs6EF-yzvRZqwW23A3H2u3kb1gAeL2/view?usp=drive_link,do_2143189705552445441352
FMPS_C005,FMPS_C005_9,سلوك القلق و الخوف عند الطفل,FMPS_C005_QV09,الاختبار سلوك القلق و الخوف عند الطفل,"arabic;english,french",,
FMPS_C005,FMPS_C005_V10,سلوك رهاب المدرسة عند الطفل,FMPS_C005_V10,سلوك رهاب المدرسة عند الطفل,"arabic;english,french",https://drive.google.com/file/d/1G9-NInva9B6OIUDxvSlLte2b-ORGGPYT/view?usp=drive_link,do_2143189712007413761353
FMPS_C005,FMPS_C005_,,FMPS_C005_QV0,الاختبار سلوك رهاب المدرسة عند الطفل,"arabic;english,french",,
FMPS_C005,FMPS_C005_G5,,FMPS_C005_QG5,الاختبار النهائي,"arabic;english,french",,
FMPS_C006,FMPS_C006_1,مقدمة أنواع الملصقات,FMPS_C006_V01,مقدمة أنواع الملصقات,"arabic;english,french",https://drive.google.com/file/d/1rMYyVKF_wajOqGh4bgeptYEZ7yPKH09j/view?usp=drive_link,do_2143189713746984961354
FMPS_C006,FMPS_C006_1,مقدمة أنواع الملصقات,FMPS_C006_QV01,الاختبار مقدمة أنواع الملصقات,"arabic;english,french",https://drive.google.com/open?id=11CiG162AUag0tHj4vqK6FDbib1Y0IhSUgtuiiP5OuYU&usp=drive_copy,
FMPS_C006,FMPS_C006_2,ملصق الحضور,FMPS_C006_V02,ملصق الحضور,"arabic;english,french",https://drive.google.com/file/d/12G4rqg1QqUx7sWC9afLMpmsBksIab36O/view?usp=drive_link,do_2143189714567495681355
FMPS_C006,FMPS_C006_2,ملصق الحضور,FMPS_C006_QV02,الاختبار ملصق الحضور,"arabic;english,french",video 2-quiz2-les affichages ,
FMPS_C006,FMPS_C006_3,مبدأ التدرج الخاص بملصق الحضور,FMPS_C006_V03,مبدأ التدرج الخاص بملصق الحضور,"arabic;english,french",https://drive.google.com/file/d/1P50yepJaro2Qpkvg0oQM7aMw6In2mo7d/view?usp=drive_link,do_2143189715305594881356
FMPS_C006,FMPS_C006_3,مبدأ التدرج الخاص بملصق الحضور,FMPS_C006_QV03,الاختبار مبدأ التدرج الخاص بملصق الحضور,"arabic;english,french",VIDEO 3-quiz -les affichages ,
FMPS_C006,FMPS_C006_4,ملصق المسؤوليات,FMPS_C006_V04,ملصق المسؤوليات,"arabic;english,french",https://drive.google.com/file/d/13sSELOWDSbHPFRAf4dvEu1QpPPuBpi31/view?usp=drive_link,do_2143189715948748801357
FMPS_C006,FMPS_C006_4,ملصق المسؤوليات,FMPS_C006_QV04,الاختبار ملصق المسؤوليات,"arabic;english,french",video 4-quiz -les affichages ,
FMPS_C006,FMPS_C006_5,ملصق اليومية,FMPS_C006_V05,ملصق اليومية,"arabic;english,french",https://drive.google.com/file/d/1xlUn-6rjLWvpzOlrltf2F0ypLzFf4P-E/view?usp=drive_link,do_2143189716547829761358
FMPS_C006,FMPS_C006_5,ملصق اليومية,FMPS_C006_QV05,الاختبار ملصق اليومية,"arabic;english,french",VIDEO5-quiz5 - les affichages ,
FMPS_C006,FMPS_C006_6,مبدأ التدرج الخاص بملصق اليومية,FMPS_C006_V06,مبدأ التدرج الخاص بملصق اليومية,"arabic;english,french",https://drive.google.com/file/d/1VThscV0JGCFcteohqSqrBZA0qhRJbkGH/view?usp=drive_link,do_2143189717380874241359
FMPS_C006,FMPS_C006_6,مبدأ التدرج الخاص بملصق اليومية,FMPS_C006_QV06,الاختبار مبدأ التدرج الخاص بملصق اليومية,"arabic;english,french",video6-quiz6-les affichages ,
FMPS_C006,FMPS_C006_7,ملصق حالة الطقس,FMPS_C006_V07,ملصق حالة الطقس,"arabic;english,french",https://drive.google.com/file/d/1wReMu-YSCcD1OepVLMnBWA5MFvnIznxh/view?usp=drive_link,do_2143189718295429121360
FMPS_C006,FMPS_C006_7,ملصق حالة الطقس,FMPS_C006_QV07,الاختبار ملصق حالة الطقس,"arabic;english,french",https://drive.google.com/open?id=1r5H2xIslJYHb3bWm162xTlSUxcguQWfWUjYApu3WDoM&usp=drive_copy,
FMPS_C006,FMPS_C006_8,مبدأ التدرج الخاص بملصق حالة الطقس,FMPS_C006_V08,مبدأ التدرج الخاص بملصق حالة الطقس,"arabic;english,french",https://drive.google.com/file/d/1tm2QNO8bXvu1xbpPhCumcj76BMwH7DCP/view?usp=drive_link,do_2143189719052451841361
FMPS_C006,FMPS_C006_8,مبدأ التدرج الخاص بملصق حالة الطقس,FMPS_C006_QV08,الاختبار مبدأ التدرج الخاص بملصق حالة الطقس,"arabic;english,french",video 8-quiz8- les affichages ,
FMPS_C006,FMPS_C006_9,ملصق فصول السنة+ملصق الاعداد+ملصق الحروف الهجائية,FMPS_C006_V09,ملصق فصول السنة+ملصق الاعداد+ملصق الحروف الهجائية,"arabic;english,french",https://drive.google.com/file/d/1UyIdPNBB0u5UWP2997mdCGZfhZFEZmYh/view?usp=drive_link,do_2143189719822090241362
FMPS_C006,FMPS_C006_9,ملصق فصول السنة+ملصق الاعداد+ملصق الحروف الهجائية,FMPS_C006_QV09,الاختبار ملصق فصول السنة+ملصق الاعداد+ملصق الحروف الهجائية,"arabic;english,french",VIDEO 9- quiz 9- les affichages ,
FMPS_C006,FMPS_C006_V10,ملصق الالوان,FMPS_C006_V10,ملصق الالوان,"arabic;english,french",https://drive.google.com/file/d/1gh2gm9ZyQ72yPmN517g9J7QX4_OKF8HG/view?usp=drive_link,do_2143189720511447041363
FMPS_C006,FMPS_C006_V10,ملصق الالوان,FMPS_C006_QV10,الاختبار ملصق الالوان,"arabic;english,french",Video 10-quiz 10-les affichages ,
FMPS_C006,FMPS_C006_V11,ملصق قواعد العيش,FMPS_C006_V11,ملصق قواعد العيش,"arabic;english,french",https://drive.google.com/file/d/1ZuggU1s6FNT3dxko9OwQqzc9XsJp4mC0/view?usp=drive_link,do_2143189721307463681364
FMPS_C006,FMPS_C006_V11,ملصق قواعد العيش,FMPS_C006_QV11,الاختبار ملصق قواعد العيش,"arabic;english,french",https://drive.google.com/open?id=19pojPNqmdAi5Agw4nYvspeB5cgbRa8745VEJ5oJANxg&usp=drive_copy,
FMPS_C006,FMPS_C006_G6,,FMPS_C006_QG6,الملصقات التربوية الاختبار النهائي,"arabic;english,french",https://docs.google.com/spreadsheets/d/1goU-6QooyShBSaKoUXUlYMcVDsVaO4k8N30wVIJG4oQ/edit?usp=drive_link,
FMPS_C007,FMPS_C007_1,مفهوم التخطيط و أهدافه,FMPS_C007_V01,مفهوم التخطيط و أهدافه,"arabic;english,french",https://drive.google.com/file/d/12sBaXRS7FwymVSu6Hn5iP9gkM2gFXY5T/view?usp=drive_link,do_2143189722122813441365
FMPS_C007,FMPS_C007_1,مفهوم التخطيط و أهدافه,FMPS_C007_QV01,الاختبار مفهوم التخطيط و أهدافه,"arabic;english,french",VIDEO 1-quiz 1 - GRAPHISME ,
FMPS_C007,FMPS_C007_2,أنواع و أنشطة التخطيط,FMPS_C007_V02,أنواع و أنشطة التخطيط,"arabic;english,french",https://drive.google.com/file/d/1CnWG54aAgBsnB8rw0u65qoE6uqtveJzf/view?usp=drive_link,do_2143189722923745281366
FMPS_C007,FMPS_C007_2,أنواع و أنشطة التخطيط,FMPS_C007_QV02,الاختبار أنواع و أنشطة التخطيط,"arabic;english,french",VIDEO 1-quiz 1 - GRAPHISME ,
FMPS_C007,FMPS_C007_3,التحكم الحركي,FMPS_C007_V03,التحكم الحركي,"arabic;english,french",https://drive.google.com/file/d/1bRC3Vl8Z5g5efqEF9t06JK0PSq0G_Enb/view?usp=drive_link,do_2143189723994030081367
FMPS_C007,FMPS_C007_3,التحكم الحركي,FMPS_C007_QV03,الاختبار التحكم الحركي,"arabic;english,french",VIDEO 3-QUIZ3- graphisme ,
FMPS_C007,FMPS_C007_4,مراحل اكتساب التحكم الحركي,FMPS_C007_V04,مراحل اكتساب التحكم الحركي,"arabic;english,french",https://drive.google.com/file/d/1EJgc9AyZdHsgvAUJ6RMgGut2HrEyP8Mb/view?usp=drive_link,do_2143189724795125761368
FMPS_C007,FMPS_C007_4,مراحل اكتساب التحكم الحركي,FMPS_C007_QV04,الاختبار مراحل اكتساب التحكم الحركي,"arabic;english,french",VIDEO 4-quiz4-graphisme ,
FMPS_C007,FMPS_C007_5,محور التطبيقي للتخطيط,FMPS_C007_V05,محور التطبيقي للتخطيط,"arabic;english,french",https://drive.google.com/file/d/16oWDDSOb6cPi04NfiOVDHYuuD3s1rO_z/view?usp=drive_link,do_2143189725683630081369
FMPS_C007,FMPS_C007_5,محور التطبيقي للتخطيط,FMPS_C007_QV05,الاختبار محور التطبيقي للتخطيط,"arabic;english,french",VIDEO 4-quiz4-graphisme ,
FMPS_C008,FMPS_C008_1,العلاقة بين اللعب و التعلمات,FMPS_C008_V01,العلاقة بين اللعب و التعلمات,"arabic;english,french",https://drive.google.com/file/d/1VExts4utzTrEC2oFteg3XrwZSzdM3J49/view?usp=drive_link,do_2143189726479319041370
FMPS_C008,FMPS_C008_1,العلاقة بين اللعب و التعلمات,FMPS_C008_QV01,الاختبار العلاقة بين اللعب و التعلمات,"arabic;english,french",VIDEO 1-quiz1- les jeux ,
FMPS_C008,FMPS_C008_2,تعريف بيداغوجية اللعب,FMPS_C008_V02,تعريف بيداغوجية اللعب,"arabic;english,french",https://drive.google.com/file/d/1iHlILCO-UIlcybmO5cR-etf4nPV3MOTI/view?usp=drive_link,do_2143189727252643841371
FMPS_C008,FMPS_C008_2,تعريف بيداغوجية اللعب,FMPS_C008_QV02,الاختبار تعريف بيداغوجية اللعب,"arabic;english,french",video 2-quiz 2 - les jeux ,
FMPS_C008,FMPS_C008_3,أهداف الألعاب التربوية في التعليم الأولي,FMPS_C008_V03,أهداف الألعاب التربوية في التعليم الأولي,"arabic;english,french",https://drive.google.com/file/d/1c87gDegt_N33NMrg5lJj8oRUKPPbBN7t/view?usp=drive_link,do_2143189727980011521372
FMPS_C008,FMPS_C008_3,أهداف الألعاب التربوية في التعليم الأولي,FMPS_C008_QV03,الاختبار أهداف الألعاب التربوية في التعليم الأولي,"arabic;english,french",video 3-quiz3- les jeux ,
FMPS_C008,FMPS_C008_4,الألعاب التربوية التي يمكن استثمارها في قسم للتعليم الأولي,FMPS_C008_V04,الألعاب التربوية التي يمكن استثمارها في قسم للتعليم الأولي,"arabic;english,french",https://drive.google.com/file/d/11pghkB-wnJLaCM7mdBMCfM5UThLf-o2M/view?usp=drive_link,do_2143189728798965761373
FMPS_C008,FMPS_C008_4,الألعاب التربوية التي يمكن استثمارها في قسم للتعليم الأولي,FMPS_C008_QV04,الاختبار الألعاب التربوية التي يمكن استثمارها في قسم للتعليم الأولي,"arabic;english,french",vidéo 4- quiz 4- les jeux ,
FMPS_C008,FMPS_C008_5,الألعاب الحسية في التعليم الأولي,FMPS_C008_V05,الألعاب الحسية في التعليم الأولي,"arabic;english,french",https://drive.google.com/file/d/1mMsrWwiaSuhi7ghYo3DPfJ-TtEgqqu9m/view?usp=drive_link,do_2143189729594818561374
FMPS_C008,FMPS_C008_5,الألعاب الحسية في التعليم الأولي,FMPS_C008_QV05,الاختبار الألعاب الحسية في التعليم الأولي,"arabic;english,french",video 5-quiz5- les jeux ,
FMPS_C008,FMPS_C008_6,الألعاب الحسية في التي يمكن استثمارها في قسم التعليم الأولي,FMPS_C008_V06,الألعاب الحسية في التي يمكن استثمارها في قسم التعليم الأولي,"arabic;english,french",https://drive.google.com/file/d/1Jxgfy1x2REPE5J0gvKrctoOSXz-ls9ZI/view?usp=drive_link,do_2143189730324971521375
FMPS_C008,FMPS_C008_6,الألعاب الحسية في التي يمكن استثمارها في قسم التعليم الأولي,FMPS_C008_QV06,الاختبار الألعاب الحسية في التي يمكن استثمارها في قسم التعليم الأولي,"arabic;english,french",video 6- quiz6- les jeux ,
FMPS_C008,FMPS_C008_7,الألعاب الشعبية و أهدافها في التعليم الأولي,FMPS_C008_V07,الألعاب الشعبية و أهدافها في التعليم الأولي,"arabic;english,french",https://drive.google.com/file/d/1d9Mb7hkGVW965Z-EV5gBfiqLGUUsg0gp/view?usp=drive_link,do_2143189731120906241376
FMPS_C008,FMPS_C008_7,الألعاب الشعبية و أهدافها في التعليم الأولي,FMPS_C008_QV07,الاختبار الألعاب الشعبية و أهدافها في التعليم الأولي,"arabic;english,french",vidéo 7-quiz7-les jeux ,
FMPS_C008,FMPS_C008_8,الالعاب اللغوية و أهدافها في التعليم الأولي,FMPS_C008_V08,الالعاب اللغوية و أهدافها في التعليم الأولي,"arabic;english,french",https://drive.google.com/file/d/1f2RshSu8vezRFyLvllKAGhvamJMteYN5/view?usp=drive_link,do_2143189731898654721377
FMPS_C008,FMPS_C008_8,الالعاب اللغوية و أهدافها في التعليم الأولي,FMPS_C008_QV08,الاختبار الالعاب اللغوية و أهدافها في التعليم الأولي,"arabic;english,french",video 8-quiz8- les jeux ,
FMPS_C008,FMPS_C008_9,الالعاب اللغوية التي يمكن استثمارها في قسم للتعليم الأولي,FMPS_C008_V09,الالعاب اللغوية التي يمكن استثمارها في قسم للتعليم الأولي,"arabic;english,french",https://drive.google.com/file/d/1SQFv8mJVbgK-qYxO2Z5-nOBoWjd_FJOG/view?usp=drive_link,do_2143189732571136001378
FMPS_C008,FMPS_C008_9,الالعاب اللغوية التي يمكن استثمارها في قسم للتعليم الأولي,FMPS_C008_QV09,الاختبار الالعاب اللغوية التي يمكن استثمارها في قسم للتعليم الأولي,"arabic;english,french",video 9-quiz9- les jeux ,
FMPS_C008,FMPS_C008_G8,,FMPS_C008_QG8, اللعب في مرحلة التعليم الأولي 2024 الاختبار النهائي,"arabic;english,french",https://docs.google.com/spreadsheets/d/1PSNnpfP3t1bAOaJ3ucQwpaS_pZV8E6hcdQQPqOkIbX4/edit?usp=drive_link,
FMPS_C009,FMPS_C009_1,الأنشطة الإبداعية في التعليم الأولي,FMPS_C009_V01,الأنشطة الإبداعية في التعليم الأولي,"arabic;english,french",https://drive.google.com/file/d/1_D7D5f7WS7rdnd1sbacqftemO7FNOudx/view?usp=drive_link,do_2143189733300551681379
FMPS_C009,FMPS_C009_1,الأنشطة الإبداعية في التعليم الأولي,FMPS_C009_QV01,الاختبار الأنشطة الإبداعية في التعليم الأولي,"arabic;english,french",video 1-quiz1 -les AC,
FMPS_C009,FMPS_C009_2,دور الأنشطة الإبداعية في تنمية الإبداع لذا الطفل,FMPS_C009_V02,دور الأنشطة الإبداعية في تنمية الإبداع لذا الطفل,"arabic;english,french",https://drive.google.com/file/d/1QvxpzgynNMZpAAjmRLncV8q6wc7OHF1a/view?usp=drive_link,do_2143189734070681601380
FMPS_C009,FMPS_C009_2,دور الأنشطة الإبداعية في تنمية الإبداع لذا الطفل,FMPS_C009_QV02,الاختبار دور الأنشطة الإبداعية في تنمية الإبداع لذا الطفل,"arabic;english,french",VIDEO 2- quiz2_les AC,
FMPS_C009,FMPS_C009_3,دور المربي في تنمية الإبداع لذا الطفل,FMPS_C009_V03,دور المربي في تنمية الإبداع لذا الطفل,"arabic;english,french",https://drive.google.com/file/d/17gF0cv0gA6J-iLrNeeCNzRJl1l1L-BQr/view?usp=drive_link,do_2143189734691471361381
FMPS_C009,FMPS_C009_3,دور المربي في تنمية الإبداع لذا الطفل,FMPS_C009_QV03,الاختبار دور المربي في تنمية الإبداع لذا الطفل,"arabic;english,french",VIDEO 3-quiz 3- AC,
FMPS_C009,FMPS_C009_4,ربط الأنشطة الإبداعية والأنشطة التعليمية للطفل,FMPS_C009_V04,ربط الأنشطة الإبداعية والأنشطة التعليمية للطفل,"arabic;english,french",https://drive.google.com/file/d/1jC61_5uO9K_SrebwWNyPIe4Zu2Shjyf9/view?usp=drive_link,do_2143189735364280321382
FMPS_C009,FMPS_C009_4,ربط الأنشطة الإبداعية والأنشطة التعليمية للطفل,FMPS_C009_QV04,الاختبار ربط الأنشطة الإبداعية والأنشطة التعليمية للطفل,"arabic;english,french",VIDEO 4 -quiz 4-les ac,
FMPS_C009,FMPS_C009_5,تقنيات توظيف الأنشطة الإبداعية في التعليم الأولي,FMPS_C009_V05,تقنيات توظيف الأنشطة الإبداعية في التعليم الأولي,"arabic;english,french",https://drive.google.com/file/d/1DXY5_lCP4T7l7jDdw1wq29VdbUT47CQ5/view?usp=drive_link,do_2143189735940997121383
FMPS_C009,FMPS_C009_5,تقنيات توظيف الأنشطة الإبداعية في التعليم الأولي,FMPS_C009_QV05,الاختبار تقنيات توظيف الأنشطة الإبداعية في التعليم الأولي,"arabic;english,french",VIDEO 5-quiz5-les ac ,
FMPS_C009,FMPS_C009_G9,,FMPS_C009_QG9,الأنشطة الابداعية الاختبار النهائي ,"arabic;english,french",https://docs.google.com/spreadsheets/d/1ZQ4ultwVXwWyAjJb_FVTB_XbR-FW0HnRwzw1ZiWE2dI/edit?usp=drive_link,
FMPS_C010,FMPS_C010_1,التفتح اللغوي في مرحلة التعليم الأولي,FMPS_C010_V01,التفتح اللغوي في مرحلة التعليم الأولي,"arabic;english,french",https://drive.google.com/file/d/1tnfHB4eNlNVuV4hibhW-ZIvhgJM938a1/view?usp=drive_link,do_2143189736629862401384
FMPS_C010,FMPS_C010_1,التفتح اللغوي في مرحلة التعليم الأولي,FMPS_C010_QV01,الاختبار التفتح اللغوي في مرحلة التعليم الأولي,"arabic;english,french",VIDEO 1- quiz 1 - LEVEIL LINGUISTIQUE,
FMPS_C010,FMPS_C010_2,التفتح اللغوي وتعلم اللغات,FMPS_C010_V02,التفتح اللغوي وتعلم اللغات,"arabic;english,french",https://drive.google.com/file/d/1aIKyIIbgkRNjQCODEPO-goNdO1ZVoGVm/view?usp=drive_link,do_2143189737458974721385
FMPS_C010,FMPS_C010_2,التفتح اللغوي وتعلم اللغات,FMPS_C010_QV02,الاختبار التفتح اللغوي وتعلم اللغات,"arabic;english,french",VIDEO 2-quiz2- eveil,
FMPS_C010,FMPS_C010_3,كيفية التفاعل مع الأطفال بإستخدام اللغات,FMPS_C010_V03,كيفية التفاعل مع الأطفال بإستخدام اللغات,"arabic;english,french",https://drive.google.com/file/d/1bVJPiyq78QCuYuSsZFWO-c9VaUyMRSi2/view?usp=drive_link,do_2143189738194862081386
FMPS_C010,FMPS_C010_3,كيفية التفاعل مع الأطفال بإستخدام اللغات,FMPS_C010_QV03,الاختبار كيفية التفاعل مع الأطفال بإستخدام اللغات,"arabic;english,french",video 3-quiz3-eveil,
FMPS_C010,FMPS_C010_4,التفتح اللغوي عمليا,FMPS_C010_V04,التفتح اللغوي عمليا,"arabic;english,french",https://drive.google.com/file/d/1VijJcSfQNeFCHXVUMCiPRF6qN30ZK8k0/view?usp=drive_link,do_2143189739017584641387
FMPS_C010,FMPS_C010_4,التفتح اللغوي عمليا,FMPS_C010_QV04,الاختبار التفتح اللغوي عمليا,"arabic;english,french",video 4-quiz4- eveil linguuistique,
FMPS_C010,FMPS_C010_5,خاتمة,FMPS_C010_V05,خاتمة,"arabic;english,french",https://drive.google.com/file/d/1vBhSVj6DBNF_nDrO3UfxmCgZI7KHd81i/view?usp=drive_link,do_2143189739652300801388
FMPS_C010,FMPS_C010_5,خاتمة,FMPS_C010_QV05,الاختبار خاتمة,"arabic;english,french",video 5-quiz 5- eveil luiguistique,
FMPS_C010,FMPS_C010_G10,,FMPS_C010_QG10,النشطة التفتح اللغوي الاختبار النهائي,"arabic;english,french",https://docs.google.com/spreadsheets/d/18PSErIBprovWROnYSd6A-l4ZtU2FSBPkbIcxVMlc6ng/edit?usp=drive_link,
FMPS_C011,FMPS_C011_1,الاستعداد للقراءة في مرحلة التعليم الأولي,FMPS_C011_V01,الاستعداد للقراءة في مرحلة التعليم الأولي,"arabic;english,french",https://drive.google.com/file/d/1Fvh2X-e4FbDn4Rw13JzQsy8kNq3nPbKS/view?usp=drive_link,do_2143189740327813121389
FMPS_C011,FMPS_C011_1,الاستعداد للقراءة في مرحلة التعليم الأولي,FMPS_C011_QV01,الاختبار الاستعداد للقراءة في مرحلة التعليم الأولي,"arabic;english,french",VIDEO 1- quiz 1-lecture,
FMPS_C011,FMPS_C011_2,التعرف على مهارات القراءة,FMPS_C011_V02,التعرف على مهارات القراءة,"arabic;english,french",https://drive.google.com/file/d/1yp5CDLH4mfpCu933G6aU3KnmEaiFyif8/view?usp=drive_link,do_2143189741158563841390
FMPS_C011,FMPS_C011_2,التعرف على مهارات القراءة,FMPS_C011_QV02,الاختبار التعرف على مهارات القراءة,"arabic;english,french",video 2-quiz2-lecture,
FMPS_C011,FMPS_C011_3,التعرف على وضعيات استمرارية مهارة القراءة,FMPS_C011_V03,التعرف على وضعيات استمرارية مهارة القراءة,"arabic;english,french",https://drive.google.com/file/d/11YP0nHRrlynE4lA3DIADjd8ZRqtqn24R/view?usp=drive_link,do_2143189741859635201391
FMPS_C011,FMPS_C011_3,التعرف على وضعيات استمرارية مهارة القراءة,FMPS_C011_QV03,الاختبار التعرف على وضعيات استمرارية مهارة القراءة,"arabic;english,french",video 3-quiz3- lecture,
FMPS_C011,FMPS_C011_4,أنواع الصور التعليمية,FMPS_C011_V04,أنواع الصور التعليمية,"arabic;english,french",https://drive.google.com/file/d/1bE8ZVRaRtuognIredAMhc3-JM0oCMox5/view?usp=drive_link,do_2143189742486487041392
FMPS_C011,FMPS_C011_4,أنواع الصور التعليمية,FMPS_C011_QV04,الاختبار أنواع الصور التعليمية,"arabic;english,french",video 4-quiz4-lecture,
FMPS_C011,FMPS_C011_5,دور المربي في تطوير مهارة القراءة لذى الطفل,FMPS_C011_V05,دور المربي في تطوير مهارة القراءة لذى الطفل,"arabic;english,french",https://drive.google.com/file/d/11Zq5JPuSXkjxgjemXc-iPOfjaROIXY2_/view?usp=drive_link,do_2143189743329280001393
FMPS_C011,FMPS_C011_5,دور المربي في تطوير مهارة القراءة لذى الطفل,FMPS_C011_QV05,الاختبار دور المربي في تطوير مهارة القراءة لذى الطفل,"arabic;english,french",video 5-quiz5-lecture,
FMPS_C011,FMPS_C011_G11,,FMPS_C011_QG11,الاستعداد للقرأة QUZI GLOBAL,"arabic;english,french",https://docs.google.com/spreadsheets/d/1B-R6bC9RnjVkARNtwMPlEbUGlUljxRB0Y7RFthQnJyg/edit?usp=drive_link,
FMPS_C012,FMPS_C012_1,مقدمة,FMPS_C012_V01,مقدمة,"arabic;english,french",https://drive.google.com/file/d/1hHzx-ZygC34AdqoRabUEYbohthAJgrhS/view?usp=drive_link,do_2143189744031662081394
FMPS_C012,FMPS_C012_1,مقدمة,FMPS_C012_QV01,الاختبار مقدمة,"arabic;english,french",video 1- quiz 1-eveil scientifique,
FMPS_C012,FMPS_C012_2,تنمية مهارات التفتح العلمي و التكنولوجي عند الطفل,FMPS_C012_V02,تنمية مهارات التفتح العلمي و التكنولوجي عند الطفل,"arabic;english,french",https://drive.google.com/file/d/1CJOTlfI37no--gzvU_JqG4i2dZyo2dvl/view?usp=drive_link,do_2143189746343608321395
FMPS_C012,FMPS_C012_2,تنمية مهارات التفتح العلمي و التكنولوجي عند الطفل,FMPS_C012_QV02,الاختبار تنمية مهارات التفتح العلمي و التكنولوجي عند الطفل,"arabic;english,french",video 2-quiz2- l'eveil scientifique,
FMPS_C012,FMPS_C012_3,إعداد وتنفيد انشطة التفتح العلمي والتكنولوجي,FMPS_C012_V03,إعداد وتنفيد انشطة التفتح العلمي والتكنولوجي,"arabic;english,french",https://drive.google.com/file/d/1LaOWKpFxzvn0SGKoKCnrpL6sQKDJmUlr/view?usp=drive_link,do_2143189747187302401396
FMPS_C012,FMPS_C012_3,إعداد وتنفيد انشطة التفتح العلمي والتكنولوجي,FMPS_C012_QV03,الاختبار إعداد وتنفيد انشطة التفتح العلمي والتكنولوجي,"arabic;english,french",video 3- quiz3- leveil scientifique,
FMPS_C012,FMPS_C012_4,انشطة التفتح العلمي,FMPS_C012_V04,انشطة التفتح العلمي,"arabic;english,french",https://drive.google.com/file/d/1cKX7K4XhYRjIElsWxa1BXNp7IZqEuLvg/view?usp=drive_link,do_2143189747973898241397
FMPS_C012,FMPS_C012_4,انشطة التفتح العلمي,FMPS_C012_QV04,الاختبار انشطة التفتح العلمي,"arabic;english,french",video 4-quiz4-leveil scientifique,
FMPS_C012,FMPS_C012_5,انشطة التفتح التكنولوجي,FMPS_C012_V05,انشطة التفتح التكنولوجي,"arabic;english,french",https://drive.google.com/file/d/1U-vgKC1_BvCW_A0G6UiGFUKSbGJTR4VW/view?usp=drive_link,do_2143189748577075201398
FMPS_C012,FMPS_C012_5,انشطة التفتح التكنولوجي,FMPS_C012_QV05,الاختبار انشطة التفتح التكنولوجي,"arabic;english,french",vidéo 5-quiz5- leveil scientiFIQUE,
FMPS_C012,FMPS_C012_G12,,FMPS_C012_QG12,التفتح العلمي والتكنولوجي الاختبار النهائي,"arabic;english,french",https://docs.google.com/spreadsheets/d/1FWuG-Ms7mlCu5bnydDp6wkJhTJobGz8pcQY23EmPDB4/edit?usp=drive_link,
FMPS_C013,FMPS_C013_1,التربية النفسية الحركية,FMPS_C013_V01,التربية النفسية الحركية,"arabic;english,french",https://drive.google.com/file/d/1bMiE9r6uxR9esKa0NiGqOa7d4amGWl5i/view?usp=drive_link,do_2143189749352857601399
FMPS_C013,FMPS_C013_1,التربية النفسية الحركية,FMPS_C013_QV01,الاختبار التربية النفسية الحركية,"arabic;english,french",video 1-quiz1,
FMPS_C013,FMPS_C013_2,أهداف التربية النفسية الحركية,FMPS_C013_V02,أهداف التربية النفسية الحركية,"arabic;english,french",https://drive.google.com/file/d/1o7aq7IlZcB9z95u12JRLtIuiR-Ut9mj6/view?usp=drive_link,do_2143189750030417921400
FMPS_C013,FMPS_C013_2,أهداف التربية النفسية الحركية,FMPS_C013_QV02,الاختبار أهداف التربية النفسية الحركية,"arabic;english,french",video 2-quiz 2,
FMPS_C013,FMPS_C013_3,لعبة القط والفأر,FMPS_C013_V03,لعبة القط والفأر,"arabic;english,french",https://drive.google.com/file/d/1JpScTCyG21R1DrvSXM4BRhl4TPTzKzLJ/view?usp=drive_link,do_2143189750815621121401
FMPS_C013,FMPS_C013_3,لعبة القط والفأر,FMPS_C013_QV03,الاختبار لعبة القط والفأر,"arabic;english,french",VIDEO 3-QUIZ3,
FMPS_C013,FMPS_C013_4,لعبة متاهة الصلصال,FMPS_C013_V04,لعبة متاهة الصلصال,"arabic;english,french",https://drive.google.com/file/d/1k38PrlRPcmL7eOsimmPbF0u7IkktUA9e/view?usp=drive_link,do_2143189751600414721402
FMPS_C013,FMPS_C013_4,لعبة متاهة الصلصال,FMPS_C013_QV04,الاختبار لعبة متاهة الصلصال,"arabic;english,french",VIDEO 4-quiz 4,
FMPS_C013,FMPS_C013_5,لعبة الثعلب الهارب,FMPS_C013_V05,لعبة الثعلب الهارب,"arabic;english,french",https://drive.google.com/file/d/1PkfPZztuLYmzB1iR6m3A0LYS3Er3vpET/view?usp=drive_link,do_2143189752473600001403
FMPS_C013,FMPS_C013_5,لعبة الثعلب الهارب,FMPS_C013_QV05,الاختبار لعبة الثعلب الهارب,"arabic;english,french",video 5-quiz5,
FMPS_C013,FMPS_C013_6,لعبة كرة الأصدقاء,FMPS_C013_V06,لعبة كرة الأصدقاء,"arabic;english,french",https://drive.google.com/file/d/18rhSlGZ2nehSHVfntym0umBtxUxcn_9-/view?usp=drive_link,do_2143189753335152641404
FMPS_C013,FMPS_C013_6,لعبة كرة الأصدقاء,FMPS_C013_QV06,الاختبار لعبة كرة الأصدقاء,"arabic;english,french",VIDEO 6-quiz6,
FMPS_C013,FMPS_C013_G13,,FMPS_C013_QG13,الأنشطة الحسحركية الاختبار النهائي,"arabic;english,french",https://docs.google.com/spreadsheets/d/1FWuG-Ms7mlCu5bnydDp6wkJhTJobGz8pcQY23EmPDB4/edit?usp=drive_link,
FMPS_C014,FMPS_C014_1,النمو الاجتماعي العاطفي في مرحلة التعليم الأولي,FMPS_C014_V01,النمو الاجتماعي العاطفي في مرحلة التعليم الأولي,"arabic;english,french",https://drive.google.com/file/d/1Hb6XA-XeInL--EeH-99LVRlD5BftKLPX/view?usp=drive_link,do_2143189754190151681405
FMPS_C014,FMPS_C014_1,النمو الاجتماعي العاطفي في مرحلة التعليم الأولي,FMPS_C014_QV01,الاختبار النمو الاجتماعي العاطفي في مرحلة التعليم الأولي,"arabic;english,french",VIDEO 1-quiz1,
FMPS_C014,FMPS_C014_2,أهمية العواطف في التعلم ونمو الطفل,FMPS_C014_V02,أهمية العواطف في التعلم ونمو الطفل,"arabic;english,french",https://drive.google.com/file/d/11K6lXzLbLZiMiEKR0IgGlB3LKfvcJi3C/view?usp=drive_link,do_2143189756476211201406
FMPS_C014,FMPS_C014_2,أهمية العواطف في التعلم ونمو الطفل,FMPS_C014_QV02,الاختبار أهمية العواطف في التعلم ونمو الطفل,"arabic;english,french",VIDEO 2-quiz2,
FMPS_C014,FMPS_C014_3,الذكاء العاطفي في مرحلة التعليم الأولي,FMPS_C014_V03,الذكاء العاطفي في مرحلة التعليم الأولي,"arabic;english,french",https://drive.google.com/file/d/15gaVGhDVBUj9j_pwMFUPEYKltzOUiqTW/view?usp=drive_link,do_2143189757567467521407
FMPS_C014,FMPS_C014_3,الذكاء العاطفي في مرحلة التعليم الأولي,FMPS_C014_QV03,الاختبار الذكاء العاطفي في مرحلة التعليم الأولي,"arabic;english,french",VIDEO 3-QUIZ3,
FMPS_C014,FMPS_C014_4,تقييم التطور الاجتماعي والعاطفي في مرحلة التعليم الأولي,FMPS_C014_V04,تقييم التطور الاجتماعي والعاطفي في مرحلة التعليم الأولي,"arabic;english,french",https://drive.google.com/file/d/11kwFh6j7NSRR-QgrRsGFUSs0WR5uLqV7/view?usp=drive_link,do_2143189758623744001408
FMPS_C014,FMPS_C014_4,تقييم التطور الاجتماعي والعاطفي في مرحلة التعليم الأولي,FMPS_C014_QV04,الاختبار تقييم التطور الاجتماعي والعاطفي في مرحلة التعليم الأولي,"arabic;english,french",VIDEO 4-quiz 4,
FMPS_C014,FMPS_C014_5,الإجراءات والتدخلات في التعلم الاجتماعي العاطفي,FMPS_C014_V05,الإجراءات والتدخلات في التعلم الاجتماعي العاطفي,"arabic;english,french",https://drive.google.com/file/d/1UqNEQlPnPhRwF6GGiMFEOGoQ-QGfpfNE/view?usp=drive_link,do_2143189759636111361409
FMPS_C014,FMPS_C014_5,الإجراءات والتدخلات في التعلم الاجتماعي العاطفي,FMPS_C014_QV05,الاختبار الإجراءات والتدخلات في التعلم الاجتماعي العاطفي,"arabic;english,french",VIDEO 5-quiz5,
FMPS_C014,FMPS_C014_G14,,FMPS_C014_QG14,التطور الاجتماعي والعاطفي للطفل في مرحلة التعليم الاولي الاختبار النهائي,"arabic;english,french",https://docs.google.com/spreadsheets/d/1eBuVzAaRV7oIiXWGu_fp7kJjrj3O4hQb9wRKzmfhQo0/edit?usp=drive_link,
FMPS_C015,FMPS_C015_1,المقدمة,FMPS_C015_V01,المقدمة,"arabic;english,french",https://drive.google.com/file/d/1egmeWMYBydsODwQ56VCApVU9i6kEOk1e/view?usp=drive_link,do_2143189760613826561410
FMPS_C015,FMPS_C015_1,المقدمة,FMPS_C015_QV01,الاختبار المقدمة,"arabic;english,french",VIDEO 1-quiz1,
FMPS_C015,FMPS_C015_2,جوانب الهوية المهنية,FMPS_C015_V02,جوانب الهوية المهنية,"arabic;english,french",https://drive.google.com/file/d/1B2WxCsJ11za-FY-b3roRKvkWZ48SW1jU/view?usp=drive_link,do_2143189764810752001411
FMPS_C015,FMPS_C015_2,جوانب الهوية المهنية,FMPS_C015_QV02,الاختبار جوانب الهوية المهنية,"arabic;english,french",VIDEO 2-QUIZ2,
FMPS_C015,FMPS_C015_3,مكونات الهوية المهنية,FMPS_C015_V03,مكونات الهوية المهنية,"arabic;english,french",https://drive.google.com/file/d/1vYXCvuiE67FXGKAWrM1K_gZBua0XUYiE/view?usp=drive_link,do_2143189766044057601412
FMPS_C015,FMPS_C015_3,مكونات الهوية المهنية,FMPS_C015_QV03,الاختبار مكونات الهوية المهنية,"arabic;english,french",VIDEO 3-QUIZ3,
FMPS_C015,FMPS_C015_4,مراحل تكوين المهارة,FMPS_C015_V04,مراحل تكوين المهارة,"arabic;english,french",https://drive.google.com/file/d/1PHTgzJXSnE6-5ES11GnBgIXKGMrCrXca/view?usp=drive_link,do_2143189767988101121413
FMPS_C015,FMPS_C015_4,مراحل تكوين المهارة,FMPS_C015_QV04,الاختبار مراحل تكوين المهارة,"arabic;english,french",VIDEO 4-QUIZ 4,
FMPS_C015,FMPS_C015_5,أهم مهارات مربي التعليم الأولي,FMPS_C015_V05,أهم مهارات مربي التعليم الأولي,"arabic;english,french",https://drive.google.com/file/d/1Wh3lvLT7OVkbaw6gZwVnB0ThBNa3yKya/view?usp=drive_link,do_2143189769085337601414
FMPS_C015,FMPS_C015_5,أهم مهارات مربي التعليم الأولي,FMPS_C015_QV05,الاختبار أهم مهارات مربي التعليم الأولي,"arabic;english,french",VIDEO 5-QUIZ 5,
FMPS_C015,FMPS_C015_6,كيف يمكن للمربي تطوير مهارته,FMPS_C015_V06,كيف يمكن للمربي تطوير مهارته,"arabic;english,french",https://drive.google.com/file/d/1tGtR7BCHZic5ebksjzuUvby-94NrMw2w/view?usp=drive_link,do_2143189771498373121415
FMPS_C015,FMPS_C015_6,كيف يمكن للمربي تطوير مهارته,FMPS_C015_QV06,الاختبار كيف يمكن للمربي تطوير مهارته,"arabic;english,french",VIDEO 7-QUIZ 7,
FMPS_C015,FMPS_C015_7,أهم أهداف تطوير الهوية المهنية للمربي,FMPS_C015_V07,أهم أهداف تطوير الهوية المهنية للمربي,"arabic;english,french",https://drive.google.com/file/d/1nXKykU5GUZTJwtxZYhEc5cOug_xJduo0/view?usp=drive_link,do_2143189772999966721416
FMPS_C015,FMPS_C015_7,أهم أهداف تطوير الهوية المهنية للمربي,FMPS_C015_QV07,الاختبار أهم أهداف تطوير الهوية المهنية للمربي,"arabic;english,french",VIDEO 8 -QUIZ8,
FMPS_C015,FMPS_C015_9,نصائح لتطوير الهوية المهنية,FMPS_C015_V09,نصائح لتطوير الهوية المهنية,"arabic;english,french",https://drive.google.com/file/d/10KB0QFn-T5QWAhPb-_1jIvIxCmpw3ZN9/view?usp=drive_link,do_2143189774743552001417
FMPS_C015,FMPS_C015_8,مفهوم الهوية المهنية,FMPS_C015_QV08,الاختبار مفهوم الهوية المهنية,"arabic;english,french",VIDEO 8-QUIZ8,
FMPS_C015,FMPS_C015_G15,,FMPS_C015_QG15,الهوية المهنية للمربي الاختبار النهائي,"arabic;english,french",https://docs.google.com/spreadsheets/d/1Ce0lQxkqb2RsWDZfEu1p8Y8Yp7Qef1DFcxtTPYWAizk/edit?usp=drive_link,
FMPS_C016,FMPS_C016_1,التعلم المتبادل,FMPS_C016_V01,التعلم المتبادل,"arabic;english,french",https://drive.google.com/file/d/18vkwjNQfnRZhty9nK-F8e4mnGnu0R5wV/view?usp=drive_link,do_2143189776077537281418
FMPS_C016,FMPS_C016_1,التعلم المتبادل,FMPS_C016_QV01,الاختبار التعلم المتبادل,"arabic;english,french",VIDEO 1-quiz1,
FMPS_C016,FMPS_C016_2,التعلم عن طريق البرهنة,FMPS_C016_V02,التعلم عن طريق البرهنة,"arabic;english,french",https://drive.google.com/file/d/1oexgxMNrvnlsKTophjkK7vgLMhXd5CQi/view?usp=drive_link,do_2143189776888954881419
FMPS_C016,FMPS_C016_2,التعلم عن طريق البرهنة,FMPS_C016_QV02,الاختبار التعلم عن طريق البرهنة,"arabic;english,french",VIDEO 2-quiz2,
FMPS_C016,FMPS_C016_3,التعلم عبر السياق,FMPS_C016_V03,التعلم عبر السياق,"arabic;english,french",https://drive.google.com/file/d/1alWV203F80OUXgdpcOTNQIOzTgqzpGVD/view?usp=drive_link,do_2143189777512775681420
FMPS_C016,FMPS_C016_3,التعلم عبر السياق,FMPS_C016_QV03,الاختبار التعلم عبر السياق,"arabic;english,french",VIDEO 3-QUIZ 3,
FMPS_C016,FMPS_C016_4,التعلم العفوي,FMPS_C016_V04,التعلم العفوي,"arabic;english,french",https://drive.google.com/file/d/1BE4VP_RTmRRCQQazv2_eVBHyghVHhUxn/view?usp=drive_link,do_2143189778288640001421
FMPS_C016,FMPS_C016_4,التعلم العفوي,FMPS_C016_QV04,الاختبار التعلم العفوي,"arabic;english,french",VIDEO 4 -QUIZ 4,
FMPS_C016,FMPS_C016_5,التعلم عبر المفاهيم,FMPS_C016_V05,التعلم عبر المفاهيم,"arabic;english,french",https://docs.google.com/spreadsheets/d/1YapCyx7lyh4Hx,
FMPS_C016,FMPS_C016_5,التعلم عبر المفاهيم,FMPS_C016_QV05,الاختبارالتعلم عبر المفاهيم,"arabic;english,french",https://docs.google.com/spreadsheets/d/1YapCyx7lyh4Hx_03H8Ax14BX4wnoKtJsa_Njyl8MMYI/edit?gid=0#gid=0,
FMPS_C017,FMPS_C017_1,مقدمة,FMPS_C017_V01,مقدمة,"arabic;english,french",,
FMPS_C017,FMPS_C017_1,مقدمة,FMPS_C017_QV01,الاختبار مقدمة,"arabic;english,french",,
FMPS_C017,FMPS_C017_3,الخيال و الابداع,FMPS_C017_V03,الخيال و الابداع,"arabic;english,french",,
FMPS_C017,FMPS_C017_3,الخيال و الابداع,FMPS_C017_QV03,الاختبار الخيال و الابداع,"arabic;english,french",,
FMPS_C017,FMPS_C017_4,المثابرة,FMPS_C017_V04,المثابرة,"arabic;english,french",,
FMPS_C017,FMPS_C017_2,الثقة بالنفس,FMPS_C017_QV02,الاختبار الثقة بالنفس,"arabic;english,french",,
FMPS_C017,FMPS_C017_5,الفضول و حب الاستطلاع,FMPS_C017_V05,الفضول و حب الاستطلاع,"arabic;english,french",,
FMPS_C017,FMPS_C017_4,المثابرة,FMPS_C017_QV04,الاختبار المثابرة,"arabic;english,french",,
FMPS_C017,FMPS_C017_6,التعاون,FMPS_C017_V06,التعاون,"arabic;english,french",,
FMPS_C017,FMPS_C017_6,التعاون,FMPS_C017_QV06,الاختبار التعاون,"arabic;english,french",,
FMPS_C017,FMPS_C017_G17,,FMPS_C017_QG17,المهارات الحياتية للطفل في مرحلة التعليم الأولي الاختبار النهائي,"arabic;english,french",,
FMPS_C018,FMPS_C018_1,مفهوم التربية البيئية,FMPS_C018_V01,مفهوم التربية البيئية,"arabic;english,french",https://drive.google.com/file/d/1CvfOMXmwK_FTgA3hLDlS5rrLHjNDEJai/view?usp=drive_link,do_2143189778930647041422
FMPS_C018,FMPS_C018_1,مفهوم التربية البيئية,FMPS_C018_QV01,Quiz مفهوم التربية البيئية,"arabic;english,french",VIDEO 1-quiz 1,
FMPS_C018,FMPS_C018_2,أهمية التربية البيئية و أهدافها,FMPS_C018_V02,أهمية التربية البيئية و أهدافها,"arabic;english,french",https://drive.google.com/file/d/15haJYhJ2M_cvfnXreggDcKfmDpecAWJ5/view?usp=drive_link,do_2143189779787776001423
FMPS_C018,FMPS_C018_2,أهمية التربية البيئية و أهدافها,FMPS_C018_QV02,Quiz أهمية التربية البيئية و أهدافها,"arabic;english,french",video 2-quiz 2,
FMPS_C018,FMPS_C018_3,استثمار التربية البيئية في قسم التعليم الأولي,FMPS_C018_V03,استثمار التربية البيئية في قسم التعليم الأولي,"arabic;english,french",https://drive.google.com/file/d/1dtI9zw8y04Dc0QvAAUVvpVHZfow571eD/view?usp=drive_link,do_2143189780794900481424
FMPS_C018,FMPS_C018_3,استثمار التربية البيئية في قسم التعليم الأولي,FMPS_C018_QV03,Quiz استثمار التربية البيئية في قسم التعليم الأولي,"arabic;english,french",video 3-quiz 3,
FMPS_C018,FMPS_C018_4,أنشطة تطبيقية مساهمة في تبني سلوكيات بيئية سليمة لدى الاطفال,FMPS_C018_V04,أنشطة تطبيقية مساهمة في تبني سلوكيات بيئية سليمة لدى الاطفال,"arabic;english,french",https://drive.google.com/file/d/17s2iB0AuVB02C-HvvXvdHJDG9pTP8F7d/view?usp=drive_link,do_2143189781704048641425
FMPS_C018,FMPS_C018_4,أنشطة تطبيقية مساهمة في تبني سلوكيات بيئية سليمة لدى الاطفال,FMPS_C018_QV04,Quiz أنشطة تطبيقية مساهمة في تبني سلوكيات بيئية سليمة لدى الاطفال,"arabic;english,french",video 4 -quiz 4,
FMPS_C018,FMPS_C018_5,أنشطة حول التربية البيئية,FMPS_C018_V05,أنشطة حول التربية البيئية,"arabic;english,french",https://drive.google.com/file/d/1x8ZF25cKY_DtR78slQEqV3P3bj6qDSpq/view?usp=drive_link,do_2143189782696673281426
FMPS_C018,FMPS_C018_5,أنشطة حول التربية البيئية,FMPS_C018_QV05,Quiz أنشطة حول التربية البيئية,"arabic;english,french",VIDEO 5-quiz 5,
FMPS_C018,FMPS_C018_6,الانشطة التربوية المساهمة في تكوين السلوكيات السليمة,FMPS_C018_V06,الانشطة التربوية المساهمة في تكوين السلوكيات السليمة,"arabic;english,french",https://drive.google.com/file/d/1GJXSsaDpjTVzQMGdWfuasYGNjj-qIxeR/view?usp=drive_link,do_2143189783606722561427
FMPS_C018,FMPS_C018_6,الانشطة التربوية المساهمة في تكوين السلوكيات السليمة,FMPS_C018_QV06,Quiz الانشطة التربوية المساهمة في تكوين السلوكيات السليمة,"arabic;english,french",VIDEO 6-quiz 6,
FMPS_C018,FMPS_C018_G18,,FMPS_C018_QG18, التربية البيئية الاختبار النهائي,"arabic;english,french",https://docs.google.com/spreadsheets/d/1ueEQPUVAld17aUAa-kft7sWi5WeDiDzdUxsa4vhBQU0/edit?usp=drive_link,
FMPS_C019,FMPS_C019_1,التعرف على عملية التقويم في مرحلة التعليم الاولي,FMPS_C019_V01,التعرف على عملية التقويم في مرحلة التعليم الاولي,"arabic;english,french",https://drive.google.com/file/d/1H-0cBhqbB5MX42AT2fXXnRoOy2IXbwd1/view?usp=drive_link,do_2143189784510955521428
FMPS_C019,FMPS_C019_1,التعرف على عملية التقويم في مرحلة التعليم الاولي,FMPS_C019_QV01,الاختبار التعرف على عملية التقويم في مرحلة التعليم الاولي,"arabic;english,french",VIDEO 1-quiz1,
FMPS_C019,FMPS_C019_2,اهمية التقويم في مرحلة التعليم الاولي,FMPS_C019_V02,اهمية التقويم في مرحلة التعليم الاولي,"arabic;english,french",https://drive.google.com/file/d/1DYb3LDfipShwqaTxxL6aVcPVp3vLmboH/view?usp=drive_link,do_2143189785153699841429
FMPS_C019,FMPS_C019_2,اهمية التقويم في مرحلة التعليم الاولي,FMPS_C019_QV02,الاختبار اهمية التقويم في مرحلة التعليم الاولي,"arabic;english,french",VIDEO 2-quiz2,
FMPS_C019,FMPS_C019_3,مقاربة التقويم في مرحلة التعليم الاولي,FMPS_C019_V03,مقاربة التقويم في مرحلة التعليم الاولي,"arabic;english,french",https://drive.google.com/file/d/1YQVyPJ59cu89XENz0waXZykgtElP_D_8/view?usp=drive_link,do_2143189785868206081430
FMPS_C019,FMPS_C019_3,مقاربة التقويم في مرحلة التعليم الاولي,FMPS_C019_QV03,الاختبار مقاربة التقويم في مرحلة التعليم الاولي,"arabic;english,french",VIDEO 3-quiz 3,
FMPS_C019,FMPS_C019_G19,,FMPS_C019_QG19,التقويم بمرحلة التعليم الأولي الاختبار النهائي,"arabic;english,french",https://docs.google.com/spreadsheets/d/1zoXqHpQrymiW9IAzPVF2US5OzvrbUPgR15Jq3tAw2uo/edit?usp=drive_link,
FMPS_C020,FMPS_C020_1,التعزيز الايجابي,FMPS_C020_V01,التعزيز الايجابي,"arabic;english,french",https://drive.google.com/file/d/1P67YqLK-221TRWfiiP5nvpT9JpcPjO3f/view?usp=drive_link,do_2143189786553630721431
FMPS_C020,FMPS_C020_1,التعزيز الايجابي,FMPS_C020_QV01,الاختبار التعزيز الايجابي,"arabic;english,french",https://docs.google.com/spreadsheets/d/16U5l4miweEo2fTrUl_-tdrmaCiFDk_kUJAt2_IyplQc/edit?usp=drive_link,
FMPS_C020,FMPS_C020_2,اشكال التعزيز الايجابي,FMPS_C020_V02,اشكال التعزيز الايجابي,"arabic;english,french",https://drive.google.com/file/d/12h0xvwfhoARL777iKjczd2YOchXyqWEk/view?usp=drive_link,do_2143189787217920001432
FMPS_C020,FMPS_C020_2,اشكال التعزيز الايجابي,FMPS_C020_QV02,الاختبار اشكال التعزيز الايجابي,"arabic;english,french",VIDEO 2-quiz 2,
FMPS_C020,FMPS_C020_3,انواع التعزيز الايجابي التربوي,FMPS_C020_V03,انواع التعزيز الايجابي التربوي,"arabic;english,french",https://drive.google.com/file/d/1s3EJWIbTSfX52E-pdh4EgO1nXurYJ8tu/view?usp=drive_link,do_2143189787920056321433
FMPS_C020,FMPS_C020_3,انواع التعزيز الايجابي التربوي,FMPS_C020_QV03,الاختبار انواع التعزيز الايجابي التربوي,"arabic;english,french",video 3-quiz 3,
FMPS_C020,FMPS_C020_4,انواع التعزيز الايجابي التربوي,FMPS_C020_V04,انواع التعزيز الايجابي التربوي,"arabic;english,french",https://drive.google.com/file/d/1LgCFv0yVgfBnknroMFdDfOEVFv35aIzh/view?usp=drive_link,do_2143189788560752641434
FMPS_C020,FMPS_C020_4,انواع التعزيز الايجابي التربوي,FMPS_C020_QV04,الاختبار انواع التعزيز الايجابي التربوي,"arabic;english,french",VIDEO 4-quiz 4,
FMPS_C020,FMPS_C020_5,العوامل المؤثرة في فعاليات المعززات التربوية,FMPS_C020_V05,العوامل المؤثرة في فعاليات المعززات التربوية,"arabic;english,french",https://drive.google.com/file/d/1x33EeNLWS34KeC6PRt6I2xIU-9dBjV3h/view?usp=drive_link,do_2143189789303848961435
FMPS_C020,FMPS_C020_5,العوامل المؤثرة في فعاليات المعززات التربوية,FMPS_C020_QV05,الاختبار العوامل المؤثرة في فعاليات المعززات التربوية,"arabic;english,french",VIDEO 5-video 5,
FMPS_C020,FMPS_C020_6,التعزيز الايجابي الاجتماعي,FMPS_C020_V06,التعزيز الايجابي الاجتماعي,"arabic;english,french",https://drive.google.com/file/d/1LgBV5KXAGOBox8rKgmPOXdqB8e8yNSOL/view?usp=drive_link,do_2143189790082007041436
FMPS_C020,FMPS_C020_6,التعزيز الايجابي الاجتماعي,FMPS_C020_QV06,الاختبار التعزيز الايجابي الاجتماعي,"arabic;english,french",VIDEO 6-quiz6,
FMPS_C020,FMPS_C020_7,خلاصة عامة,FMPS_C020_V07,خلاصة عامة,"arabic;english,french",https://drive.google.com/file/d/1XQKP6qjyZ8NHRojstENQhLCgPTpy-HPN/view?usp=drive_link,do_2143189790801756161437
FMPS_C020,FMPS_C020_7,خلاصة عامة,FMPS_C020_QV07,الاختبار,"arabic;english,french",VIDEO 7-quiz 7,
FMPS_C020,FMPS_C020_G20,,FMPS_C020_QG20,نظام التعزيز الإيجابي التربوي والاجتماعي في مرحلة ما قبل التمدرس الاختبار النهائي,"arabic;english,french",https://docs.google.com/spreadsheets/d/1Ll_U_VPR1gKA35xxsaJKRs4jbIHAPABLA8n8Bdw42iM/edit?usp=drive_link,
FMPS_C021,FMPS_C021_1,العنف التربوي الاعتيادي,FMPS_C021_V01,العنف التربوي الاعتيادي,"arabic;english,french",https://drive.google.com/file/d/1or2OyBfJgHaUiiwXYUAez3tcELiOUThZ/view?usp=drive_link,do_2143189791441715201438
FMPS_C021,FMPS_C021_1,العنف التربوي الاعتيادي,FMPS_C021_QV01,الاختبار العنف التربوي الاعتيادي,"arabic;english,french",https://docs.google.com/spreadsheets/d/1AefBmxQ0eHxsY4O7DF5GM7M9YBRxk_xDN-zCOxIQzTQ/edit?usp=drive_link,
FMPS_C021,FMPS_C021_2,اشكال العنف التربوي,FMPS_C021_V02,اشكال العنف التربوي,"arabic;english,french",https://drive.google.com/file/d/1wIWn1_W86UDA_X6f6PXOact-hEv94WRj/view?usp=drive_link,do_2143189792077824001439
FMPS_C021,FMPS_C021_2,اشكال العنف التربوي,FMPS_C021_QV02,الاختبار اشكال العنف التربوي,"arabic;english,french",https://docs.google.com/spreadsheets/d/15X5sjZX-IS_xwRNz7GTM34dWdkDxEufNJbfdtBoFgKc/edit?usp=drive_link,
FMPS_C021,FMPS_C021_3,بعض الاثار السلبية للعنف التربوي الاعتيادي على الطفل,FMPS_C021_V03,بعض الاثار السلبية للعنف التربوي الاعتيادي على الطفل,"arabic;english,french",https://drive.google.com/file/d/1w42BdW14rok6k19hwoSHo0uy1E9oI083/view?usp=drive_link,do_2143189792734658561440
FMPS_C021,FMPS_C021_3,بعض الاثار السلبية للعنف التربوي الاعتيادي على الطفل,FMPS_C021_QV03,الاختبار بعض الاثار السلبية للعنف التربوي الاعتيادي على الطفل,"arabic;english,french",https://docs.google.com/spreadsheets/d/1HIv-fbTVXfL9wstEpFxsVxkibgFFvt2euxGU2qJBdJw/edit?usp=drive_link,
FMPS_C021,FMPS_C021_4,المعتقدات الخاطئة حول العنف التربوي,FMPS_C021_V04,المعتقدات الخاطئة حول العنف التربوي,"arabic;english,french",https://drive.google.com/file/d/1l2rIn43iFRXHIJA-B3PsYNQO_fa2yel_/view?usp=drive_link,do_2143189793468006401441
FMPS_C021,FMPS_C021_4,المعتقدات الخاطئة حول العنف التربوي,FMPS_C021_QV04,الاختبارالمعتقدات الخاطئة حول العنف التربويل,"arabic;english,french",https://drive.google.com/open?id=1TL-8FmIUWNA4_JBBlK-zo1hLy99i40RIdAy707bOaAE&usp=drive_copy,
FMPS_C021,FMPS_C021_G21,,FMPS_C021_QG21,العنف التربوي الاعتيادي الاختبار النهائي,"arabic;english,french",https://docs.google.com/spreadsheets/d/1DJG4QHMAYPJgJMwWzEW8S-Ma8JVXzrxtE4dbTKPA3Ls/edit?usp=drive_link,
FMPS_C022,FMPS_C022_1,كيفية الحفاظ على الانضباط داخل قسم التعليم الأولي,FMPS_C022_V01,كيفية الحفاظ على الانضباط داخل قسم التعليم الأولي,"arabic;english,french",https://drive.google.com/file/d/1QGsDExbC9RQCY6LxRX-myDJ2nvCTnQfu/view?usp=drive_link,do_2143189794071019521442
FMPS_C022,FMPS_C021_4,المعتقدات الخاطئة حول العنف التربوي,FMPS_C021_QV04,الاختبار المعتقدات الخاطئة حول العنف التربوي,"arabic;english,french",https://docs.google.com/spreadsheets/d/1TL-8FmIUWNA4_JBBlK-zo1hLy99i40RIdAy707bOaAE/edit?usp=drive_link,
FMPS_C022,FMPS_C022_2,بعض الحلول المقترحة لضبط قسم التعليم الأولي,FMPS_C022_V02,بعض الحلول المقترحة لضبط قسم التعليم الأولي,"arabic;english,french",https://drive.google.com/file/d/1gdGWkajE4GFk_O0SQUom2yVAHiUOe6-1/view?usp=drive_link,do_2143189794823700481443
FMPS_C022,FMPS_C022_1,كيفية الحفاظ على الانضباط داخل قسم التعليم الأولي,FMPS_C022_QV01,الاختبار كيفية الحفاظ على الانضباط داخل قسم التعليم الأولي,"arabic;english,french",https://docs.google.com/spreadsheets/d/1S2Y1k8uOtSkCiqjPIxkNVDqCAuq8Z67nPn5oJCHD84g/edit?usp=drive_link,
FMPS_C022,FMPS_C022_3,التعرف على الأسباب التي تؤثر على الانضباط داخل القسم,FMPS_C022_V03,التعرف على الأسباب التي تؤثر على الانضباط داخل القسم,"arabic;english,french",https://drive.google.com/file/d/1g0oxxJ9fVEfxRoFNhHPu5oCm9KqLj6X4/view?usp=drive_link,do_2143189795596288001444
FMPS_C022,FMPS_C022_2,بعض الحلول المقترحة لضبط قسم التعليم الأولي,FMPS_C022_QV02,الاختبار بعض الحلول المقترحة لضبط قسم التعليم الأولي,"arabic;english,french",https://docs.google.com/spreadsheets/d/1BzURX3ridNBp0CzejwMHcPmPfSxH1kaRhxHmpDzGGwA/edit?usp=drive_link,
FMPS_C022,FMPS_C022_4,أهداف ضبط قسم التعليم الأولي,FMPS_C022_V04,أهداف ضبط قسم التعليم الأولي,"arabic;english,french",https://drive.google.com/file/d/1Jvdr9gpTHzjnrQ9j3xQPbdIckalRogM4/view?usp=drive_link,do_2143189796335370241445
FMPS_C022,FMPS_C022_3,التعرف على الأسباب التي تؤثر على الانضباط داخل القسم,FMPS_C022_QV03,الاختبار التعرف على الأسباب التي تؤثر على الانضباط داخل القسم,"arabic;english,french",https://docs.google.com/spreadsheets/d/1MRJOAd-hT1gkxFl8N_wXwslae3z1hZFaTzrXUoEdnFE/edit?usp=drive_link,
FMPS_C022,FMPS_C022_5,إدارة الانضباط داخل قسم التعليم الأول,FMPS_C022_V05,إدارة الانضباط داخل قسم التعليم الأول,"arabic;english,french",https://drive.google.com/file/d/1Deei37x6qrsqOcC7aiMBLMR4nY_ysU7M/view?usp=drive_link,do_2143189797065768961446
FMPS_C022,FMPS_C022_4,أهداف ضبط قسم التعليم الأولي,FMPS_C022_QV04,الاختبار إدارة الانضباط داخل قسم التعليم الأول,"arabic;english,french",VIDEO 4- quiz 4,
FMPS_C022,FMPS_C022_G22,,FMPS_C022_QG22,إدارة الانضباط في قسم التعليم الأولي الاختبار النهائي,"arabic;english,french",https://docs.google.com/spreadsheets/d/1kzsWcsndZcU3dAtlcVV0ZuBPKCTo6AxkwgpZse6-inI/edit?usp=drive_link,
FMPS_C023,FMPS_C023_1,المقدمة,FMPS_C023_V01,المقدمة,"arabic;english,french",https://drive.google.com/file/d/1VGN3BuOnzRZgRL23LJCKjypyptwT79af/view?usp=drive_link,do_2143189797821890561447
FMPS_C023,FMPS_C023_1,المقدمة,FMPS_C023_QV01,الاختبار المقدمة,"arabic;english,french",VIDEO 1-quiz1,
FMPS_C023,FMPS_C023_2,تعريف بيداغوجية المشروع و تحديد كيفية التعلم من خلالها,FMPS_C023_V02,تعريف بيداغوجية المشروع و تحديد كيفية التعلم من خلالها,"arabic;english,french",https://drive.google.com/file/d/1WQ_17ZYggr2BdC72Wy0nImRinqZKvD8N/view?usp=drive_link,do_2143189802334289921448
FMPS_C023,FMPS_C023_2,تعريف بيداغوجية المشروع و تحديد كيفية التعلم من خلالها,FMPS_C023_QV02,الاختبار تعريف بيداغوجية المشروع و تحديد كيفية التعلم من خلالها,"arabic;english,french",VIDEO 2- quiz2,
FMPS_C023,FMPS_C023_3,أهداف وغايات بيداغوجية المشروع,FMPS_C023_V03,أهداف وغايات بيداغوجية المشروع,"arabic;english,french",https://drive.google.com/file/d/1iOVRK5cP_mME8VfiXTgI-2kmKeE18hoq/view?usp=drive_link,do_2143189803112038401449
FMPS_C023,FMPS_C023_3,أهداف وغايات بيداغوجية المشروع,FMPS_C023_QV03,الاختبار أهداف وغايات بيداغوجية المشروع,"arabic;english,french",video 3-quiz3,
FMPS_C023,FMPS_C023_4,المجالات التعلمية,FMPS_C023_V04,المجالات التعلمية,"arabic;english,french",https://drive.google.com/file/d/1LCg_pZyNAxnvYq_mgFwJZlfE3biQ1FRm/view?usp=drive_link,do_2143189803755601921450
FMPS_C023,FMPS_C023_4,المجالات التعلمية,FMPS_C023_QV04,الاختبار المجالات التعلمية,"arabic;english,french",VIDEO 4 -QUIZ 4,
FMPS_C023,FMPS_C023_5,المشاريع التربوية ودواعي العمل بيها,FMPS_C023_V05,المشاريع التربوية ودواعي العمل بيها,"arabic;english,french",https://drive.google.com/file/d/1NOI-ZKhNiayhFCEKlBTBdEfOqEAvfxX_/view?usp=drive_link,do_2143189804485754881451
FMPS_C023,FMPS_C023_5,المشاريع التربوية ودواعي العمل بيها,FMPS_C023_QV05,الاختبار المشاريع التربوية ودواعي العمل بيها,"arabic;english,french",VIDEO 5 - quiz 5,
FMPS_C023,FMPS_C023_6,مراحل تنفيذ الأنشطة البيداغوجية,FMPS_C023_V06,مراحل تنفيذ الأنشطة البيداغوجية,"arabic;english,french",https://drive.google.com/file/d/1j_iLNiqDVziLIFlEkTXUnAUyvZ22WxZL/view?usp=drive_link,do_2143189805113917441452
FMPS_C023,FMPS_C023_7,التعرف على على دور المربي في بيداغوجيا المشروع,FMPS_C023_V07,التعرف على على دور المربي في بيداغوجيا المشروع,"arabic;english,french",https://drive.google.com/file/d/1tjRLGT2jjdbM0zDB17dcJEmtKc2mxl7c/view?usp=drive_link,do_2143189805764608001453
FMPS_C023,FMPS_C023_6,مراحل تنفيذ الأنشطة البيداغوجية,FMPS_C023_QV06,الاختبار مراحل تنفيذ الأنشطة البيداغوجية,"arabic;english,french",VIDEO 6- quiz 6,
FMPS_C023,FMPS_C023_G23,,FMPS_C023_QG23,بيداغوجيا المشروع الاختبار النهائي,"arabic;english,french",https://docs.google.com/spreadsheets/d/1kAxQvxqXnxfD93tDvYzy-n_VXeqsAYcnNpx20f9aXIQ/edit?usp=drive_link,
FMPS_C024,FMPS_C024_1,مفهوم الأنشطة الموازية و دورها في العملية التعليمية التعلمية,FMPS_C024_V01,مفهوم الأنشطة الموازية و دورها في العملية التعليمية التعلمية,"arabic;english,french",https://drive.google.com/file/d/1V-swwIkFoPReJufdRe_Xu_fLlR4-bOfH/view?usp=drive_link,do_2143189806425047041454
FMPS_C024,FMPS_C024_1,مفهوم الأنشطة الموازية و دورها في العملية التعليمية التعلمية,FMPS_C024_QV01,الاختبار مفهوم الأنشطة الموازية و دورها في العملية التعليمية التعلمية,"arabic;english,french",VIDEO 1-quiz 1,
FMPS_C024,FMPS_C024_2,الأهداف الخاصة للأنشطة الموازية,FMPS_C024_V02,الأهداف الخاصة للأنشطة الموازية,"arabic;english,french",https://drive.google.com/file/d/1Oj2eZkWkBGP6LXsoPpbV3Wyx5k3J2M6N/view?usp=drive_link,do_2143189807272919041455
FMPS_C024,FMPS_C024_2,الأهداف الخاصة للأنشطة الموازية,FMPS_C024_QV02,الاختبار الأهداف الخاصة للأنشطة الموازية,"arabic;english,french",VIDEO2-quiz2,
FMPS_C024,FMPS_C024_3,الأنشطة الموازية التي يمكن استثمارها في العملية التعليمية التعلمية,FMPS_C024_V03,الأنشطة الموازية التي يمكن استثمارها في العملية التعليمية التعلمية,"arabic;english,french",https://drive.google.com/file/d/1wIwYvOCedJH3vrbzIi3WEEXQC90Eh-jq/view?usp=drive_link,do_2143189808113336321456
FMPS_C024,FMPS_C024_3,الأنشطة الموازية التي يمكن استثمارها في العملية التعليمية التعلمية,FMPS_C024_QV03,الاختبار الأنشطة الموازية التي يمكن استثمارها في العملية التعليمية التعلمية,"arabic;english,french",VIDEO 3-quiz3,
FMPS_C024,FMPS_C024_4,الورشات الي يمكن تنظيمها داخل العملية التعليمية التعلمية و كفاياتها,FMPS_C024_V04,الورشات الي يمكن تنظيمها داخل العملية التعليمية التعلمية و كفاياتها,"arabic;english,french",https://drive.google.com/file/d/1yM5ONKzpzagiBOl8Q11i4wthAg0-CZNt/view?usp=drive_link,do_2143189808840130561457
FMPS_C024,FMPS_C024_4,الورشات الي يمكن تنظيمها داخل العملية التعليمية التعلمية و كفاياتها,FMPS_C024_QV04,الاختبار الورشات الي يمكن تنظيمها داخل العملية التعليمية التعلمية و كفاياتها,"arabic;english,french",VIDEO4-quiz4,
FMPS_C024,FMPS_C024_5,الأسس العامة لتنظيم الأنشطة الموازية,FMPS_C024_V05,الأسس العامة لتنظيم الأنشطة الموازية,"arabic;english,french",https://drive.google.com/file/d/11em99jjNvbzstSWYuNmSRB3mn7okdp_z/view?usp=drive_link,do_2143189809517281281458
FMPS_C024,FMPS_C024_5,الأسس العامة لتنظيم الأنشطة الموازية,FMPS_C024_QV05,الاختبار الأسس العامة لتنظيم الأنشطة الموازية,"arabic;english,french",VIDEO 5-quiz5,
FMPS_C024,FMPS_C024_6,نصائح عامة للمربين لتطوير مختلف قدرات الأطفال و مهارتهم,FMPS_C024_V06,نصائح عامة للمربين لتطوير مختلف قدرات الأطفال و مهارتهم,"arabic;english,french",https://drive.google.com/file/d/1yxY4dskPujg1CXMm-lZGrHBlPesHq2HX/view?usp=drive_link,do_2143189810191319041459
FMPS_C024,FMPS_C024_6,نصائح عامة للمربين لتطوير مختلف قدرات الأطفال و مهارتهم,FMPS_C024_QV06,نصائح عامة للمربين لتطوير مختلف قدرات الأطفال و مهارتهم,"arabic;english,french",VIDEO6-quiz6,
FMPS_C024,FMPS_C024_G24,,FMPS_C024_QG24,الأنشطة الموازية في مرحلة التعليم الأولي الاختبار النهائي,"arabic;english,french",https://docs.google.com/spreadsheets/d/1tgeyRJo0VnO-LUdOWXJuCW2z3UzmZGZXZD1u0VicUZY/edit?usp=drive_link,
FMPS_C025,FMPS_C025_1,مفهوم صحة و رفاه الطفل و أهم ركائزه,FMPS_C025_V01,مفهوم صحة و رفاه الطفل و أهم ركائزه,"arabic;english,french",https://drive.google.com/file/d/1SSLys8SFnMSKoTVSFdWxR9G5-XEp4Ijy/view?usp=drive_link,do_2143189811010928641460
FMPS_C025,FMPS_C025_1,مفهوم صحة و رفاه الطفل و أهم ركائزه,FMPS_C025_QV01,الاختبار مفهوم صحة و رفاه الطفل و أهم ركائزه,"arabic;english,french",VIDEO 1-quiz 1,
FMPS_C025,FMPS_C025_2,طب الاطفال,FMPS_C025_V02,طب الاطفال,"arabic;english,french",https://drive.google.com/file/d/1dRL7399Lz_8ovDOTH3_7IQEl4iFX5P6V/view?usp=drive_link,do_2143189811693076481461
FMPS_C025,FMPS_C025_2,طب الاطفال,FMPS_C025_QV02,الاختبار طب الاطفال,"arabic;english,french",VIDEO2-quiz2,
FMPS_C025,FMPS_C025_3,طب الأذن و الأنف و الحنجرة,FMPS_C025_V03,طب الأذن و الأنف و الحنجرة,"arabic;english,french",https://drive.google.com/file/d/1RKr4KHlQtcPXwSQvbkk1WDNnKmmh5rmo/view?usp=drive_link,do_2143189812360151041462
FMPS_C025,FMPS_C025_3,طب الأذن و الأنف و الحنجرة,FMPS_C025_QV03,الاختبار طب الأذن و الأنف و الحنجرة,"arabic;english,french",VIDEO3-quiz3,
FMPS_C025,FMPS_C025_4,طب العيون,FMPS_C025_V04,طب العيون,"arabic;english,french",https://drive.google.com/file/d/1i95Zc_jIQ0K9nTKDK8Q8EtV0mkyVeYcj/view?usp=drive_link,do_2143189813122744321463
FMPS_C025,FMPS_C025_4,طب العيون,FMPS_C025_QV04,الاختبار طب العيون,"arabic;english,french",VIDEO4-video4,
FMPS_C025,FMPS_C025_5,توجيهات و إرشادات خاصة بطب العيون,FMPS_C025_V05,توجيهات و إرشادات خاصة بطب العيون,"arabic;english,french",https://drive.google.com/file/d/1nL2HmaZfMm13B-CE7v76gc--P5LiR8Bw/view?usp=drive_link,do_2143189814035578881464
FMPS_C025,FMPS_C025_5,توجيهات و إرشادات خاصة بطب العيون,FMPS_C025_QV05,الاختبار توجيهات و إرشادات خاصة بطب العيون,"arabic;english,french",VIDEO5-quiz5,
FMPS_C025,FMPS_C025_6,طب الأسنان,FMPS_C025_V06,طب الأسنان,"arabic;english,french",https://docs.google.com/spreadsheets/d/1GHxheC14dVf61dcC44jDbSLeZNFkWz7St3nI2I1g5g4/edit?usp=drive,
FMPS_C026,FMPS_C026_1,المهارات الحياتية و التواصل الفعال,FMPS_C026_V01,المهارات الحياتية و التواصل الفعال,"arabic;english,french",https://drive.google.com/file/d/19OPscBeKTayLCHO3ZR3NQbHypku6Ymxm/view?usp=drive_link,do_2143189814708142081465
FMPS_C026,FMPS_C025_6,طب الأسنان,FMPS_C025_QV06,الاختبار طب الأسنان,"arabic;english,french",video6- quiz6,
FMPS_C026,FMPS_C026_2,أهمية تنمية المهارات الحياتية لدى المربي والاهداف المحققة من خلالها,FMPS_C026_V02,أهمية تنمية المهارات الحياتية لدى المربي والاهداف المحققة من خلالها,"arabic;english,french",https://drive.google.com/file/d/1FwiZIuGJ-D70TNqdwGantwbhiy0WOKCo/view?usp=drive_link,do_2143189815627694081466
FMPS_C026,FMPS_C026_1,المهارات الحياتية و التواصل الفعال,FMPS_C026_QV01,الاختبار المهارات الحياتية و التواصل الفعال,"arabic;english,french",video 1-quiz1,
FMPS_C026,FMPS_C026_3,الأهداف العامة المحصلة لدى المربي من خلال تنميته لمهاراته الحياتية,FMPS_C026_V03,الأهداف العامة المحصلة لدى المربي من خلال تنميته لمهاراته الحياتية,"arabic;english,french",https://drive.google.com/file/d/118wF8t-B_lJObUqKZVNAIFIfrFOYLJlB/view?usp=drive_link,do_2143189816341708801467
FMPS_C026,FMPS_C026_2,أهمية تنمية المهارات الحياتية لدى المربي والاهداف المحققة من خلالها,FMPS_C026_QV02,الاختبار أهمية تنمية المهارات الحياتية لدى المربي والاهداف المحققة من خلالها,"arabic;english,french",VIDEO 2-quiz2,
FMPS_C026,FMPS_C026_4,الاتصال الرقمي و أهميته في الممارسات الحياتية و المهنية للمربي,FMPS_C026_V04,الاتصال الرقمي و أهميته في الممارسات الحياتية و المهنية للمربي,"arabic;english,french",https://drive.google.com/file/d/11yb_Nzs9OWn2knH4HE8Coh-PBivaKjP3/view?usp=drive_link,do_2143189816989941761468
FMPS_C026,FMPS_C026_3,الأهداف العامة المحصلة لدى المربي من خلال تنميته لمهاراته الحياتية,FMPS_C026_QV03,الاختبار الأهداف العامة المحصلة لدى المربي من خلال تنميته لمهاراته الحياتية,"arabic;english,french",VIDEO3-video3,
FMPS_C026,FMPS_C026_G26,,FMPS_C026_QG26,المهارات الحياتية والممارسات المهنية لمربي التعليم الاولي الاختبار النهائي,"arabic;english,french",https://docs.google.com/spreadsheets/d/1_1JMhcp0_vMYeMIJ3CELSzCFD7cmiXy3tuT_g7KaKxQ/edit?usp=drive_link,
FMPS_C027,FMPS_C027_1,مفهوم تقدير الذات,FMPS_C027_V01,مفهوم تقدير الذات,"arabic;english,french",https://drive.google.com/file/d/1WsMmdN-tObCYycvEmKMfd0SJFZ1roGbC/view?usp=drive_link,do_2143189817851822081469
FMPS_C027,FMPS_C027_1,مفهوم تقدير الذات,FMPS_C027_QV01,الاختبار مفهوم تقدير الذات,"arabic;english,french",video1-quiZ1,
FMPS_C027,FMPS_C027_2,بناء تقدير الذات لدى الطفل,FMPS_C027_V02,بناء تقدير الذات لدى الطفل,"arabic;english,french",https://drive.google.com/file/d/1xKq3C-B_j1tGTUPALwXfaZtagWlxnqYy/view?usp=drive_link,do_2143189819891630081470
FMPS_C027,FMPS_C027_2,بناء تقدير الذات لدى الطفل,FMPS_C027_QV02,الاختبار بناء تقدير الذات لدى الطفل,"arabic;english,french",VIDEO2-quiz2,
FMPS_C027,FMPS_C027_3,أهمية بناء تقدير الذات لدى الطفل,FMPS_C027_V03,أهمية بناء تقدير الذات لدى الطفل,"arabic;english,french",https://drive.google.com/file/d/12NY8x3nhUUXxXmk1ONADft9m22Tx0GDt/view?usp=drive_link,do_2143189821402234881471
FMPS_C027,FMPS_C027_3,أهمية بناء تقدير الذات لدى الطفل,FMPS_C027_QV03,الاختبار أهمية بناء تقدير الذات لدى الطفل,"arabic;english,french",VIDEO3-quiz3,
FMPS_C027,FMPS_C027_4,علاقة تقدير الذات بالتعلمات,FMPS_C027_V04,علاقة تقدير الذات بالتعلمات,"arabic;english,french",https://drive.google.com/file/d/1YMn1pePzyo-rBxSQYif2AgPbBh5rj_3o/view?usp=drive_link,do_2143189823881052161472
FMPS_C027,FMPS_C026_4,الاتصال الرقمي و أهميته في الممارسات الحياتية و المهنية للمربي,FMPS_C026_QV04,الاختبار الاتصال الرقمي و أهميته في الممارسات الحياتية و المهنية للمربي,"arabic;english,french",VIDEO4-quiz4,
FMPS_C027,FMPS_C027_5,تطوير الذات عند الأطفال,FMPS_C027_V05,تطوير الذات عند الأطفال,"arabic;english,french",https://drive.google.com/file/d/11CoH6tmS5X425IpIk2PMPM8uxV7uhaoA/view?usp=drive_link,do_2143189827522150401473
FMPS_C027,FMPS_C027_5,تطوير الذات عند الأطفال,FMPS_C027_QV05,الاختبار تطوير الذات عند الأطفال,"arabic;english,french",VIDEO5-quiz 5,
FMPS_C027,FMPS_C027_6,احترام الذات لدى الأطفال الذين يعانون من صعوبات في التعلم,FMPS_C027_V06,احترام الذات لدى الأطفال الذين يعانون من صعوبات في التعلم,"arabic;english,french",https://drive.google.com/file/d/10jdiSRIXNMH4feSfVkTcRHqCr5ISCs_d/view?usp=drive_link,do_2143189830461030401474
FMPS_C028,FMPS_C028_1,مصوغة اللعب في التعليم الاولي,FMPS_C028_V01,مصوغة اللعب في التعليم الاولي,"arabic;english,french",https://drive.google.com/file/d/179dWWVazBPcnGvOKZcqnNjhOXaj46La1/view?usp=drive_link,do_2143189833253027841475
FMPS_C028,FMPS_C028_1,مصوغة اللعب في التعليم الاولي,FMPS_C028_QV01,الاختبار مصوغة اللعب في التعليم الاولي,"arabic;english,french",video1-quiz1,
FMPS_C028,FMPS_C028_2,الألعاب التربوية,FMPS_C028_V02,الألعاب التربوية,"arabic;english,french",https://drive.google.com/file/d/1gVwNYscIk6MjEqUsRxpiry0Aw2cCQXJF/view?usp=drive_link,do_2143189834031022081476
FMPS_C028,FMPS_C028_2,الألعاب التربوية,FMPS_C028_QV02,الاختبار الألعاب التربوية,"arabic;english,french",VIDEO2-quiz2,
FMPS_C028,FMPS_C028_3,الالعاب الحسية,FMPS_C028_V03,الالعاب الحسية,"arabic;english,french",https://drive.google.com/file/d/1yfGLca1AFQVfHY_aqErJ2NYPBEU-P-K1/view?usp=drive_link,do_2143189834831872001477
FMPS_C028,FMPS_C028_3,الالعاب الحسية,FMPS_C028_QV03,الاختبار الالعاب الحسية,"arabic;english,french",VIDEO3-quiz3,
FMPS_C028,FMPS_C028_4,الالعاب الشعبية,FMPS_C028_V04,الالعاب الشعبية,"arabic;english,french",https://drive.google.com/file/d/1GtpSNLnELeyGLjZbjQqkUnfiTX53vVGN/view?usp=drive_link,do_2143189835548590081478
FMPS_C028,FMPS_C028_4,الالعاب الشعبية,FMPS_C028_QV04,الاختبار الالعاب الشعبية,"arabic;english,french",VIDEO4,
FMPS_C028,FMPS_C028_5,الالعاب اللغوية,FMPS_C028_V05,الالعاب اللغوية,"arabic;english,french",https://drive.google.com/file/d/1p53NQsWD5aZtFPH4n9qyqPYNDXl_kjET/view?usp=drive_link,do_2143189836137758721479
FMPS_C028,FMPS_C028_5,الالعاب اللغوية,FMPS_C028_QV05,الاختبار الالعاب اللغوية,"arabic;english,french",https://drive.google.com/open?id=1-oXZzgM8LteHPOz6JxKBMw7qNMcBGFOJmMv-nEuCQNo&usp=drive_copy,
FMPS_C028,FMPS_C028_G28,,FMPS_C028_QG28,الألعاب التربوية الاختبار النهائي,"arabic;english,french",https://docs.google.com/spreadsheets/d/1ahFbsoyhAOl9QbDt7wXcWCvz70kmMmsPuZRIs7POe5I/edit?usp=drive_link,
